"Erstellungsdatum","Änderungsdatum",BuecherKennummer,Nachname,Vorname,"Titel",Verlag,Erscheinungsjahr,Anmerkungen
"29.06.2020 15:23","29.06.2020 15:26",,,,"Grimms Märchen-Scholz`Künstler-Bilderbücher ISBN 978-3-942562-97-3",Melchior,2012,"Künstlerbilderbücher"
"22.11.2022 17:23",,,,,,,,
"28.06.2009 17:02","28.06.2009 17:02",10,Achilles,"Walter","Die ältesten niedersächsischen Zinnfiguren des Meisters AN","Bernward Verlag",1976,
"28.06.2009 17:02","28.06.2009 17:02",250,Adler,"Christoph","Gebrüder Rieche - Eine norddeutsche Zinnfiguren Offizin in Wort und Bild","Verlag Die Furt",2005,"36,80 Eur"
"26.03.2012 15:34","26.03.2012 15:36",,Ahluwalia,Roda,"Rajput Painting","British museum press",2008,
"16.02.2021 13:41","16.02.2021 13:46",,Ailianos/Brodersen,Kai,"Antike Taktiken ISBN978-3-7374-1071-7",Marix,2017,Griechen
"05.10.2009 18:17","05.10.2009 18:20",,Alberini,Massimo,"Model Soldiers","Crescent Books",1972,"engl. Text 10,00Euro"
"28.06.2009 17:02","28.06.2009 17:02",302,Allevi,Piersergio,"Zinnsoldaten",Kaiser,2007,"5,95Euro"
"05.10.2009 18:26","05.10.2009 18:28",,"Allevi ",Piersergio,"Zinnsoldaten ","Kaiser ",,"2,99 Euro"
"28.06.2009 17:02","28.06.2009 17:02",11,"Allmayer-Beck/ Lessing",,"Die K u K-Armee 1848 bis 1914","Bertelsmann",1974,
"28.06.2009 17:02","28.06.2009 17:02",327,"Altmann","Lothar","Die Figuren des F.A.Bustelli - Nymphenburger Porzellan",scaneg,1993,"2,95"
"28.06.2009 17:02","28.06.2009 17:02",326,"Altmann","Lothar","Königliche Manufaktur - Nymphenburger Porzellan im 19.Jh.","I.P.Verlagsgesellschaft",1996,"2,95"
"07.12.2018 20:55","07.12.2018 20:59",,Alvarez,Cesar,"Bireme - Römische Kriegskunst zur See Geschichte und Dioramenbau ISBN","Andrea Press",2004,ZRö
"29.06.2020 15:54","29.06.2020 15:57",,"Ambos/Rösch...","Claus/Petra....","Bild und Ritual - Visuelle Kulturen in historischer Perspektive ZMi ISBN 978-3-534-22250-6",WBG,"2010 ",
"28.06.2009 17:02","28.06.2009 17:02",290,Arau,Jodi,"Zinnkunst aus der Manufaktur Wilhelm Schweizer",Eigenverlag,"2006 ?","12,50"
"17.09.2012 18:15","17.09.2012 18:18",,Audubon,"John James","Birds of America","JG Press","2009 ","252 tafeln engl. Text"
"07.12.2018 20:48","07.12.2018 20:55",,"Autorenkollektiv Zinnfig.Leipzig",,"Das Herrwesen des 30-jährigen KriegesDargestellt in Zinnfiguren ISBN 978-3-00-059853-1","Hensel - Leipzig",2018,
"25.12.2020 19:18","25.12.2020 19:26",,Baden,Alexander,"Vladimir Douchkine  ISBN 978-3-938447-49-9","Zeughaus Verlag",2011,"Weihnachten 2020 von Renate"
"06.06.2019 15:45","06.06.2019 15:50",,Baione,Tom,"Natural Histories ISBN978-1-4027-9149-9","Sterling",2012,"2 Teile in Kasette, Text englisch"
"15.08.2019 08:54","15.08.2019 09:00",,"Bakat ",Bernhard/Egon,"Die Zinnfiguren aus Eschwege","zinnfiguren-eschwege.de",2019,"05651-4799741
"
"23.08.2013 12:52","23.08.2013 12:54",,"Bakat ",Bernhard/Egon,"Zinnfiguren aus Ratingen","Eigenverlag ",,"info@inZinn.de"
"29.08.2013 11:30","29.08.2013 11:47",,"Bakat ",Bernhard/Egon,"Kulturhistorische flache Zinnfiguren aus Ratingen",eigenverlag,,"www.inZinn.de"
"17.01.2017 13:10","17.01.2017 13:12",,Baker,Jan,"Buddhas der Himmelsgalerie",Librero,2011,
"26.08.2013 16:41","26.08.2013 16:46",,Balzer,Richard,"Peepshows-A Visual History",Abrams,1998,"Geschichte der Guckkästen"
"15.03.2017 19:07","15.03.2017 19:11",,Bardoe,Cheryl,"Mammoths and Mastodons",Abrams,"2010 ","text englisch"
"28.06.2009 17:02","28.06.2009 17:02",324,Barker,"Cicely Mary","Flower Fairies of the Trees",Penguin,2008,"7,95"
"28.06.2009 17:02","28.06.2009 17:02",242,Barker,"Cicely Mary","Flower Fairies - 3 Bände, Frühling, Herbst, Winter","Dessart",2000,"3 Bände s.a. am Wegrand"
"28.06.2009 17:02","28.06.2009 17:02",269,Barker,"Cicely Mary","The Complete Book of the Flower Fairies",Penguin,2002,
"28.06.2009 17:02","28.06.2009 17:02",243,Barker,"Cicely Mary","Flower Fairies - Am Wegrand","Dessart","2000 ?",
"28.06.2009 17:02","28.06.2009 17:02",198,"Barthelemy","Georgette","Das Antwortbuch der Zoologie",Tessloff,1976,
"09.01.2022 18:37","09.01.2022 18:40",,Bauer,Rosi,"Klosterarbeiten Band 2  ISBN 978-3-900173-3",,"2010 ",
"01.09.2018 20:11","01.09.2018 20:16",,Bayley,"Stephen","Cars - Freedom Style Sex Power Motion Colour Everything",,,
"23.09.2015 16:12","23.09.2015 16:14",,Bellingham,David,"Die Griechen-Kultur und Mythen","Taschen ",2008,
"26.08.2013 16:32","26.08.2013 16:37",,"Bemman (Hrgb)",Jan,"Steppenkrieger","Eigenverlag LVR Bonn",2012,"Reiternomaden des 7.-14. Jahrhunderts aus der Mongolei"
"28.06.2009 17:02","06.09.2012 20:02",340,Berger,"Wolf-Lothar","Schönes altes Zinn","Gondrom/Bayreuth",1980,"2.Exempl von Hilmar"
"23.11.2017 10:19","23.11.2017 10:22",,Bernhardi/Fricke,"Anne/Birgit","Die Kelten","Gerstenberg",2010,
"28.06.2009 17:02","28.06.2009 17:02",245,"Bertram",Jürgen,"Weisser Mann und Rest der Welt",schmergow,1995,"Ausstellungskatalog Potsdamer Zinnfiguren-Kabinett(5 euro)"
"28.06.2009 17:02","28.06.2009 17:02",252,"Bertram",Jürgen,"Weißer Mann und Rest der Welt",,1995,"Austellungskatalog Potsdamer Zinnfigurenkabinett"
"28.06.2009 17:02","28.06.2009 17:02",2,"Bestelmeier","Georg Hieronimus","Magazin von verschiedenen Kunst- und anderen nützlichen Sachen mit 1111 Abbildungen","Edition Olms",1979,
"28.06.2009 17:02","28.06.2009 17:02",216,"Beukel van den",Dorine,"Illustrierte Kostümgeschichte","Pepin Press",1998,"14,95DM"
"23.01.2021 18:57","23.01.2021 18:59",,Bierer,Ingrid,"Notspielzeug s.Kataloge",,,
"02.12.2009 12:28","02.12.2009 12:30",,Bilski,"Emily D.","D. Kunst- und Antiquitätenfirma Bernheimer","Minerva ","2007 ","Jüd. Museum München"
"15.03.2017 20:24","26.06.2017 17:08",,"Bird jr","William L.","Amerika`Doll House",,2010,
"28.06.2009 17:02","28.06.2009 17:02",13,Bleckwenn,Hans,"Altpreußische Uniformen","Bibl.Tb Nr.231",1981,
"28.06.2009 17:02","28.06.2009 17:02",12,Bleckwenn,Hans,"Unter dem Preußen-Adler, Das brandenburgisch-preußische  Heer 1640 - 1807","Bertelsmann",1978,
"28.06.2009 17:02","28.06.2009 17:02",3,Bleckwenn,Hans,"Altpreußische Uniformen","Bibl. Taschenbücher",1981,"Bibl. TB Nr. 231"
"28.06.2009 17:02","28.06.2009 17:02",270,Bleckwenn,Hans,"Die friderizianischen Uniformen (4 Bde)","Bibl. Tb 444",1984,
"28.06.2009 17:02","28.06.2009 17:02",14,Bleckwenn,Hans,"Reiter, Husaren und Grenadiere (Die Uniformen der Kaiserlichen Armee am Rhein 1734)","Bibl. Tb. Nr.125",1979,
"28.06.2009 17:02","28.06.2009 17:02",15,Bleckwenn,"Ruth","Pariser Mode vor hundert Jahren","Bibl. Tb. Nr. 86",1979,
"28.06.2009 17:02","28.06.2009 17:02",4,Bleckwenn,Hans,"Reiter, Husaren und Grenadiere","Bibl. Taschenbücher",1979,"Bibl TB Nr. 125(Die Uniformen der Kaiserl. Armee am Rhein 1734)"
"24.09.2014 18:01","31.10.2014 17:27",,Bogner,Gerhard,"Krippen in der Oberpfalz","MZ verlag",2001,
"07.12.2018 20:29","07.12.2018 20:35",,Bonk,"Wolf Rüdiger","Zinnfiguren aus Berlin und Umgebung - Spurensuche ISBN 978-3-938447-60-4","Zeughaus Verlag",2012,ZGe
"28.06.2009 17:02","28.06.2009 17:02",112,"Borchert",Friedrich,"Burgenland Preußen","Mahnert - Lueg",1987,"Die Wehrbauten des Deutschen Ordens und ihre Geschichte"
"24.02.2010 16:52","24.02.2010 16:54",,Born,Hermann,"Meisterwerke kaukasischer Bronzeschmiede","Mussen Preuss.Kulturbesitz",1984,5Euro
"26.06.2017 17:09","26.06.2017 17:14",,Boyd,Ken,"The Art Of the Locomotive","Quarto",2014,
"09.12.2016 17:00","09.12.2016 17:03",,Bracker,Jörgen,"Gottes Freund-Aller Welt Feind","Zertani Bremen",2001,"von Seeraub und Konvoifahrt,Störtebeker und die Folgen"
"28.06.2009 17:02","28.06.2009 17:02",291,"Breitenstein",Jörg,"Aus einem Guß - Zinnfiguren - Gruppen von Ernst Heinrichsen","Zeughaus Verlag",2006,
"17.10.2017 20:15","17.10.2017 20:19",,"Bristot","Monique Di Prima","Bildlexikon Teppiche","parthas",2011/1895,
"28.06.2009 17:02","10.12.2018 18:32",206,Brock,"Walter","Farbige Geschichten ISBN 3-932620-08-9 K","kmk verlag",1999,"Zinnfigurenedition 25.--DM"
"28.06.2009 17:02","28.06.2009 17:02",246,Brock,"Walter","Farbige Geschichten","kmk Verlag",,"2x vorhanden"
"28.06.2009 17:02","28.06.2009 17:02",205,Brock,"Walter","bemalen von zinnfiguren","offizin Zinnfigur DDR",1983,"Preis 1o.--"
"28.06.2009 17:02","10.12.2018 18:39",209,Brock/Krannich,"Walter/Dr. Egon","Dioramenbau ISBN 3-933124-03-4","Eigenverlag Krannich",1999,
"28.06.2009 17:02","28.06.2009 17:02",261,Brüch/Dirrheimer,"Oskar/Günter","Das k.u.k. Herr 1895","Ö. Bundesverlag",1983,
"26.08.2013 16:29","11.11.2018 16:33",,"Brückner ",Wolfgang,"Rhöner Schnitzfiguren a.d.19. Jahrhundert ISBN978-3-86568-277-2 ZMo",Imhof,2008,
"28.06.2009 17:02","28.06.2009 17:02",16,Bruhn/Tilke,Wolfgang/Max,"Kostümgeschichte in Bildern","Wasmuth/Tübingen",1955,"gekauft 1987"
"13.07.2021 15:52","13.07.2021 15:56",,Brzezinski/Honk,Richard/Richard/Richard,"Die Armee Gustav Adolfs-Infanterie und Kavallerie","Siegler ISBN 3-87748-649-5",2006,
"06.06.2015 12:08","06.06.2015 12:11",,Bugler,Caroline,"The Bird in Art",Merrell,2012,"14,95"
"28.06.2009 17:02","28.06.2009 17:02",348,Bumiller,"Matthias","Bestiarium von Art, Natur und Eigenschaft der Tiere",Thorbecke,2007,
"28.06.2009 17:02","28.06.2009 17:02",282,Burgess,"Anthony","Wiege, Bett und Recamier - Kleine Kulturgeschichte des Liegens","Südwest",1985,
"28.06.2009 17:02","28.06.2009 17:02",262,Burgkmair,Hans,Turnierbuch,"Bibl.Tb 43",1978,
"28.06.2009 17:02","28.06.2009 17:02",17,Burnand,Tony,"Wildtiere - Säugetiere und Vögel","Buch u. Zeitverlag",1988,"2,95DM"
"28.06.2009 17:02","28.06.2009 17:02",350,Busch,Wilhelm,"Das große farbige Wilhelm Busch Album",Bassermann,2008,
"28.06.2009 17:02","28.06.2009 17:02",18,Busch,Wilhelm,"Max und Moritz","Junior verlag",,
"14.11.2019 18:41","14.11.2019 18:44",,"Buttinger/Keupp",Sabine/Jan,"Die Ritter ISBN978-3-8062-2266-1",Theiss,2013,
"22.11.2018 08:42","22.11.2018 08:50",,Calahan,April,"Fashion Plates-150 Years of Style ISBN978-0-300-21226-6 ZMo","Yale University Press",2015,
"28.06.2009 17:02","28.06.2009 17:02",280,Canales,Carlos,"Hannibals Armee","Andrea Press",2005,"19,95 Eur."
"15.08.2019 08:50","15.08.2019 09:16",,Carl,"Christian","Cortum Figuren","23879 Mölln,Auf dem Klüschenberg 5",2019,"info@carl-zinnfiguren.de
carl-zinnfiguren.de, 04542-853683"
"15.10.2019 16:10","15.10.2019 16:13",,Carrera,"John/Malcom M.","Pictorial Webster`s ISBN 978-0-8118-6718-4","Chronicle Books","2009  ",
"14.11.2017 15:50","14.11.2017 15:51",,"Cartocci",Alice,"Ägyptische Kunst",Scala,2011,
"28.06.2009 17:02","28.06.2009 17:02",19,"Cassin-Scott/Fabb",Jack/John,"Uniformen der Napoleonischen Kriege","Heyne Broschur",1974,
"23.09.2015 16:14","25.04.2016 19:06",,Cau,Paolo,"Die 100 Grössten Schlachten","Kaiser ",2012,
"23.12.2022 19:36","23.12.2022 19:40",,Charles,"Viktoria","1000 Aquarelle von genialen Meistern-ISBN 978-1-78525-016-3","Parkstone",2020,
"05.12.2019 10:59","05.12.2019 19:04",,"Cheetham",Craig,"Auto Desaster-Das etwas andere Fahrzeug-BuchISBN978-3-645-60604-2",Franzis,2018,
"06.06.2015 11:55","06.06.2015 11:58",,"Christ","Alexa-Beatrice","Frankenthaler Porzellan",Arnoldsche,"2006 ?",
"28.06.2009 17:02","28.06.2009 17:02",271,"Coats","Peter",Rosen,Mundus,1987,
"13.12.2020 18:47","13.12.2020 18:58",,"Cohausen von","August","Die Befestigungsweisen-Der Vorzeit und des Mittelalters",Flechsig,2003,"ISBN 3-88189-478-0"
"17.10.2017 19:49","17.10.2017 20:12",,Congedo,Fiorella,Roses,Harper,,
"23.12.2020 17:33","23.12.2020 17:41",,"Cristini/Bistulfi",Luca/Gianpaolo,"Play the ancient Greek Wars ISBN978-88-93276658",soldiershop,2020,"Englisch Italienisch"
"28.06.2009 17:02","28.06.2009 17:02",279,Cucari,"Attilio",Segelschiffe,"Südwest7Bassermann(?)",2006,"12,95 Eur."
"09.12.2010 16:49","09.12.2010 16:51",,Dalarun,Jacques,"Das leuchtende Mittelalter",Primus,"2006 ?",
"28.06.2009 17:02","28.06.2009 17:02",20,Davis/Turner,"Brian Leigh/Pierre","Deutsche Uniformen im Ditten Reich",Heyne,1980,
"28.06.2009 17:02","28.06.2009 17:02",21,"Deckart",Gerald,"Gar lustig blies der Postillon    Gedichte und Bilder aus der Postkutschenzeit","Heimeran Verlag",1979,
"17.05.2019 23:22","17.05.2019 23:25",,Decker,Wolfgang,"Pharao und Sport ISBN 380533620-9 - ZAn","v.Zabern",2006,
"15.03.2017 19:22","15.03.2017 19:24",,Decker,Rainer,Hexen,Primus,2010,
"28.06.2009 17:02","28.06.2009 17:02",330,Delbrück,Hans,"Geschichte der Kriegskunst",Nikol,2008,"!4,95 Nachdruck 2 Bände"
"28.06.2009 17:02","28.06.2009 17:02",292,"Demharter/Mayr","Herbert/Andreas","Weihnachtskrippen bauen","Weltbild",2008,
"12.03.2015 17:12","12.03.2015 17:17",,"Despature","Patrick","Collection Patrick Despature-Meine Spielzeugflieger","Hatje Cantz",,"ISBN 978-3-7757-3016-7"
"28.06.2009 17:02","28.06.2009 17:02",263,"Dettelbacher",Werner,"Biedermeierzeit in Franken","Stürtz Würzburg",1981,
"23.11.2009 17:29","23.11.2009 17:31",,"Di Mauro",Orazio,"soldatini",Gribaudo,"2002 ","engl. italienischer Text"
"28.06.2009 17:02","10.12.2018 18:24",22,Diederich,Jul,"Preußen in Zinn ISBN3-88407-009-6","Verlag Bernd Ehrig",1981,"10.-DM"
"28.06.2009 17:02","28.06.2009 17:02",293,Diederich,Jul,"Friedrich II - Szenen eines Lebens in Zinnfiguren","Diedrich Reimer Verl.",1986,
"26.08.2013 16:49","26.08.2013 16:54",,Doepler/Ranisch,"E./W","Walhall-Die Götterwelt der Germanen",Rhenania,2013,"Reprint d.  0rginals v. 1900"
"12.09.2010 16:06","12.09.2010 16:09",,Dogramaci,Burcu,"Lieselotte Friedländer","Wasmuth/Tübingen ",2oo1,
"28.06.2009 17:02","28.06.2009 17:02",342,Döhler,"Johann Georg",Zinnfiguren-Büchlein,Hyperion,2008,"6,95 Eur."
"28.06.2009 17:02","28.06.2009 17:02",113,Dollinger,Hans,"Preußen - Eine Kulturgeschichte in Bildern und Dokumenten",Prisma,1985,"Vorwort von Gräfin Marion Dönhoff"
"06.06.2015 11:59","06.06.2015 12:02",,"Dongen van",Ron,"The Tulip Anthology","Chronicle Books","2010 ","14,95"
"28.06.2009 17:02","28.06.2009 17:02",23,Dorn/Engelmann,,"Die Schlachten Friedrich des Grossen","Bechtermunz Verlag",,"antiq.1998 70.-DM"
"09.12.2016 16:55","09.12.2016 17:00",,Dorninger,"Maria E.","Verführerinnen in der Bibel","Akad.Druck-u.Verlagsanstalt Graz",2013,
"15.03.2017 20:12","15.03.2017 20:16",,Dove,R,"Die Deutschen Kolonien",Melchior,2013,"Reprint Ausgabe 1909-1913"
"27.12.2015 19:41","17.08.2016 17:42",,Doye,"Franz v Sales","Die alten Trachten der männlichen und weiblichen Orden","reprint Leipzig",2012,
"18.03.2020 18:21","18.03.2020 18:25",,Dreyer/Rogge,"Mechthild/Jörg","Mainz im Mittelalter ISBN 978-3-8053-3786-1","v.Zabern",2009,
"07.09.2015 18:16","07.09.2015 18:19",,Dubois,"Philippe J.","Birds of The World 365 Days","Abrams NY","2010 ",
"28.06.2009 17:02","28.06.2009 17:02",24,Dubrowsky,"Katharina","Vom Zauber alter Kutschen und Schlitten",Rombach,1982,
"25.04.2016 19:15","14.06.2016 18:18",,Eberle,"Martin","Gotha zieht an","Deutscher Kunstverlag","2009  ","mode aus dem Schlossmuseum Gotha"
"28.06.2009 17:02","28.06.2009 17:02",25,"Eckert/Monten",,"Das deutsche Bundesheer","Bibl.Tb. Nr.235,244,251,258,264,269",1981,"6 Bände"
"28.06.2009 17:02","28.06.2009 17:02",272,"Eckert/Monten","Heinrich/Dietrich","Das deutsche Bundesheer (1 Bd.)",Harenberg,1990,
"18.11.2022 08:41","18.11.2022 08:44",,Egg/Menardi,Erich/Herlinde,"Das Tiroler Krippenbuch - ISBN3-7022-2604-4",Tyrolia,2004,
"28.06.2009 17:02","28.06.2009 17:02",249,"Eggimann/Dr. Krannich",Bernhard/Egon,"Miniaturen Teil II - Altertum",Krannich,2004,"Kolorierte Tafeln aus dem Nachlaß von R. G. Österreicher"
"28.06.2009 17:02","28.06.2009 17:02",248,"Eggimann/Dr. Krannich",Bernhard/Egon,"Miniaturen - Die Napoleonische Epoche",Krannich,2003,"Kolorierte Tafeln aus dem Nachlaß R.G.Österreicher"
"28.06.2009 17:02","28.06.2009 17:02",251,"Eggimann/Dr. Krannich",Bernhard/Egon,"Miniaturen Teil III - Der dreißigjährige Krieg",Krannich,2005,"30,00 Eur; kolorierte Tafeln aus dem Nachlaß v. Raoul Österreicher"
"28.06.2009 17:02","28.06.2009 17:02",286,Eggimann/Krannich,Bernhard/Egon,"Miniaturen Teil IV - Epoche um 1700",Krannich,2007,"32 Eur."
"15.08.2019 09:15","21.08.2019 17:38",,"Embleton/Howe",Gerry/John,"Söldnerleben im Mittelalter ISBN 3-613-02678-0","Motorbuch Verlag ",2006,
"28.06.2009 17:02","28.06.2009 17:02",196,Engel,"Fritz Martin","Das große Buch der Vögel","Keysersche Verlagsbuchhandlung",,
"28.06.2009 17:02","28.06.2009 17:02",325,"Ergert","Bernd  E.","Höfische Jagd als Tafelschmuck - Nymphenburger Porzellan","Schnell u. Steiner",1991,"2,95"
"07.09.2015 18:37","14.09.2015 21:32",,Fallours,Samuel,"Tropische Fische Ostindiens","Taschen ","2010 ",
"28.06.2009 17:02","28.06.2009 17:02",26,Falls,Cyril,"Grosse Landschlachten","Ariel Verlag Ffm",1964,
"28.06.2009 17:02","28.06.2009 17:02",27,Fanderl,"Wastl","Schwanthaler Krippen","Rosenheimer Verlagshaus",1974,
"28.06.2009 17:02","28.06.2009 17:02",255,"Felix Dr.",Jiri,"Das grosse Naturlexikon Vögel","Nebel Verlag",2003,
"26.06.2020 22:04","26.06.2020 22:07",,"Fellner/Unterreiner","Sabine/Katrin","Puppenhaus und Zinnsoldat-Kindheit in der Kaiserzeit ISBN978-3-85002-777-9","Amalthea",2012,
"09.01.2015 18:14","09.01.2015 18:21",,Fendl/Lohwasser,"Elisabeth/Regina","Krippena.d.Egerland u.a.Marktredwitz","Eghalanda Gmoin",1994,
"16.04.2021 18:34","13.05.2021 18:57",,Ferguson/Kirkham,"Richard J. /Richard/Michael","Zeitreise Autos-Das große Bastelbuch ISBN978-3-96244-001-5",laurencekingverlag,2018,
"26.08.2013 16:25","26.08.2013 16:29",,Ferrario,Giulio,"Il Costume Antico e Moderno","komet","2010 ","Farbige Bildtafeln von allen Sitten und Gebräuchen der alten und neuen Völker der Erde"
"15.08.2019 08:35","15.08.2019 08:38",,"Fetzer",Gerhard,"Giengener Zinnfiguren","Gerhard .Fetzer@web.de",,Tel:07322/7505
"03.12.2018 18:52","19.02.2019 17:21",,"Fietze","Katharina","Im Gefolge Dianas-Frauen und höfische Jagd im MittelalterISBN3-412-13204-7",Böhlau,2005,
"11.03.2016 20:54","11.03.2016 20:59",,"Fischer ","Fritz ","Dem Volk zur Schau-Prunkschlitten des Barock",Hirmer,2002,"Schlittensammlung d. Württembergischen Landesmuseums
Stuttgart"
"28.06.2009 17:02","28.06.2009 17:02",283,"Fischer/ Kratzer","Ernst/Hans","Unter der Krone - Das Königreich Bayern und sein Erbe","Süddt. Zeitung Edition",2006,
"15.03.2017 19:14","15.03.2017 19:16",,Flach,Tim,Equus,"Abrams ",2008,"Text englisch"
"28.06.2009 17:02","28.06.2009 17:02",241,Flessner,Bernd,"Lükko Leuchtturm und seine Freunde","Soltau Kurier Norden",2000,"4. Aufl."
"16.04.2021 18:34","16.04.2021 18:39",,"Förster",Sascha,"Spielzeuge-Theater-Raum-Objekte von Schlemmer....","wienand ISBN 978-3-86832-207-1",2017,"mode, Theaterkostüme"
"28.06.2009 17:02","28.06.2009 17:02",305,Frädrich,Hans,"Wegweiser durch den Zoologischen Garten Berlin",Eigenverlag,1998,
"28.06.2009 17:02","28.06.2009 17:02",331,Frank,Niklas,"Raubritter",marix,2005,"4,95"
"28.06.2009 17:02","28.06.2009 17:02",321,Franz,Cornelia,"Deutsche Geschichte - Fragen und Antworten",ParRagon,,
"14.06.2016 18:21","14.06.2016 18:23",,Franzke,Jürgen,"Fleischmann-vom Blechspielzeug z. Modelleisenbahn",Tümmels,2000,
"19.02.2021 19:38","19.02.2021 19:44",,Friedländer,Ludwig,"Sittengeschichte Roms ISBN 978-3-941960-29-9",Rhenania,,
"28.06.2009 17:02","28.06.2009 17:02",119,Friedrich,Wolfgang,"Die Uniformen der Königlich - Sächsischen Armee. 1810 - 1867","Selbstverlag AK Sächs.Militärgeschichte",1997,"29,80DM"
"19.02.2021 19:11","19.02.2021 19:16",,Friesenegger,"Stefan","Modellbahn-lokomotiven ISBN 978-3-86245-296-5",GeraMond,2018,
"28.06.2009 17:02","28.06.2009 17:02",31,Funcken,"Liliane und Fred","le costume et les armes des soldats de tous les temps Bd. 2 de Frederic II a nos jours","Casterman",1967,
"28.06.2009 17:02","28.06.2009 17:02",121,Funcken,"Liliane u. Fred","Rüstungen und Kriegsgerät der Ritter und Landsknechte- 15. - 16. Jahrhundert",Prisma,1980,
"28.06.2009 17:02","28.06.2009 17:02",34,Funcken,"Liliane et Fred","l`Uniforme et les armes des Soldats du Premier Empire Bd.1 des regiments de ligne francais aux troup","Casterman",1968,"22.-DM"
"28.06.2009 17:02","28.06.2009 17:02",32,Funcken,"Liliane und Fred","le costume et les armes des soldats de tous les temps  -  1. Des pharaons a louis XV","Casterman",1966,"Band 1; 22.-DM"
"28.06.2009 17:02","28.06.2009 17:02",123,Funcken,"Liliane u. Fred","Historische Uniformen 19. Jahrhundert 1850 - 1900: Frankreich,Großbritannien, Deutschland, Österreic",Prisma,1983,"Österreich, Rußland. Infanterie, Kavallerie, technische Truppen, Artillerie"
"28.06.2009 17:02","28.06.2009 17:02",33,Funcken,"Liliane et Fred","l`` Uniforme et les armes des soldats du Premier Empire  Bd. 2 de la garde imperiale aux troupes all","Castermann",1969,"22.-DM"
"28.06.2009 17:02","28.06.2009 17:02",30,Funcken,"Liliane und Fred","Historische Uniformen 18. Jahrhundert Französische,britische und preußische Kavallerie und Artilleri","Casterman",1978,
"28.06.2009 17:02","28.06.2009 17:02",124,Funcken,"Liliane et Fred","L`Uniforme et les Armes Des Soldats de la Guerre en Dentelle Bd. 1 France: maison u roi infanterie s","casterman",1975,"sous Louis XV et Louis XVI, Grande-Bretagne et Prusse:infanterie (1700 a`1800)"
"28.06.2009 17:02","28.06.2009 17:02",28,Funcken,"Liliane u. Fred","Rüstungen und Kriegsgerät im Mittelalter 8. - 15. Jahrhundert","Prisma Verlag",1979,"24,8O DM"
"28.06.2009 17:02","28.06.2009 17:02",29,Funcken,"Liliane u. Fred","Historische Uniformen 18. Jahrhundert; Französische,britische und preußische KAVALLERIE UND Artiller","Mosaik Verlag",1978,"Doppelt; 6 Bände antiquarisch 1998-350.--DM"
"28.06.2009 17:02","28.06.2009 17:02",122,Funcken,"Liliane u. Fred","Historische Uniformen, 19. Jahrhundert 1814 - 1850: Frankreich,Großbritannien, Preußen. Infanterie,",Prisma,1982,"Kavallerie, technische Truppen und Artillerie"
"24.09.2014 17:53","24.09.2014 17:59",,Funk,"Ruth E.","Dolls Etcetera",Panache,2012,"9,95"
"07.09.2015 18:13","07.09.2015 18:16",,"Gallwitz ",Klaus-Ulrich,"Mythos Märklin","Euromedia Verlag",2008,
"28.06.2009 17:02","28.06.2009 17:02",345,"Ganeri/Martell/Williams","Anita u.a.","Illustrierte Weltgeschichte",Krone,,
"29.08.2013 10:59","29.08.2013 11:30",,"Gebhardt","Florentine","Knecht Ruprechts Arbeitsstube",esslinger,2012,
"18.02.2020 19:09","18.02.2020 19:16",,"Germer/Kischkewitz/Lüning","Renate/Hannelore/Meinhard","Berliner Mumiengeschichten ZAn","Schnell u. Steiner",2009,
"10.12.2018 17:48","10.12.2018 17:51",,"Gerteis/Mössner",Klaus/Wolfgang,"75 Jahre Deutsches Zinnfigurenmuseum ISBN 3-925162-22-4","Freunde d.Plassenburg",2004,
"18.03.2020 18:49","18.03.2020 18:52",,Giebel,Marion,"Tiere in der Antike-Von Fabelwesen,Opfertieren und treuen Begleitern ISBN 3-8062-1783-1",Theiss,2003,
"28.06.2009 17:02","28.06.2009 17:02",211,Giesler,Friedrich,"Römer in Zinn","Rheinland Verlag",1992,"gek.12/1999;"
"20.02.2021 19:12","20.02.2021 19:17",,Gimpel,Jean,"Die Kathedralenbauer ISBN 978-3-930720-18-7",Deukalion,1996,
"02.12.2009 12:24","02.12.2009 12:27",,"Gladis von","Almut","Die Freunde Gottes",Weimardruck,2005,"D. Bilderwelt einer persischen Luxushandschrift des 16.Jhdt. 
Museum f. Islamische Kunst Berlin"
"09.12.2010 16:51","09.12.2010 16:53",,Goddio/Clauss,Franck/Manfred,"Ägyptens versunkene Schätze","Prestel ","2007  ",
"15.08.2019 09:13","11.10.2019 18:07",,Goddio/Fabre,Franck/David,"Osiris-Das versunkene Geheimnis ÄgyptensISBN978-3-7913-5596-2","Prestel",2017,"Museum Rietberg Zürich s.a. Kataloge"
"05.10.2009 18:20","05.10.2009 18:22",,Gomez,Miguel,"A.d.Spuren d. Eroberer von Mexiko","Zeughaus Verlag",2007,"25,00 Euro"
"22.11.2018 18:16","22.11.2018 18:20",,Goss,John,"Alte Städte - Karten und Ansichten ISBN 3-7014-0308-2",Neff,1991,Z-MA
"28.06.2009 17:02","28.06.2009 17:02",349,Gould,John,"Die Vögel Europas","Komet",,
"26.08.2013 16:46","26.08.2013 16:49",,Govan,"James L.","Art of the Creche",Merrell,"2007  ","Volkstümliche Krippen der Welt"
"28.06.2009 17:02","28.06.2009 17:02",311,Gradmann,Erwin,"Indische Miniaturen",Parkland,,
"28.06.2009 17:02","10.12.2018 17:26",235,Grein,Markus,"Mit Heyde-Figuren um die Welt ISBN 3-933124-16-6 Z","Edition Krannich",2003,"29,80 EUR"
"28.12.2017 18:56","28.12.2017 18:59",,Grell,Heinz,"Romantik in Zinn - Dioramen nach Motiven von Carl Spitzweg und Ludwig Richter",Eigenverlag,2017,"24,80 Euro im Museum Schäfer"
"28.06.2009 17:02","28.06.2009 17:02",194,Grieder,Karl,"Vom Heissluftballon zum Zeppelin","Schwei. Jugendschriftwerk",1970,
"07.09.2015 18:23","07.09.2015 18:34",,Griesch,Theresa,"Liaison d`amour- Porzellan und Musik aus vier Jahrhunderten",DPM,2013,
"28.06.2009 17:02","22.11.2018 18:06",316,Gröning,Karl,"Geschmückte Haut - Eine Kulturgeschichte der Körperkunst","Frederking u. Thaler",2001,"13 Euro ISBN3-89405-514-6 SB"
"21.02.2018 20:14","21.02.2018 20:19",,"Großbongardt/Salzwedel","Anette/Johannes","Leben im Mittelalter-Der Alltag von Rittern, Mönchen,Bauern....","DVA-Spiegel Buch",2014,"3.Aufl."
"04.02.2010 14:50","04.02.2010 14:52",,Grundmann,"Gitta","1000 Puppen","Naumann u. Göbel",,"5 Euro"
"28.06.2009 17:02","28.06.2009 17:02",35,"Grützmacher","Curt","Neueingerichtetes Zwergenkabinett","Bibl Tb. Nr.262",1981,
"28.06.2009 17:02","28.06.2009 17:02",38,"Guddat","Martin","Grenadiere, Musketiere, Füsiliere - Die Infanterie Friedrich des Großen","Verlag Mittler",1996,
"28.06.2009 17:02","28.06.2009 17:02",37,"Guddat","Martin","Kürassiere,Dragoner, Husaren - Die Kavallerie Friedrich des Großen","Verlag Mittler",1996,
"28.06.2009 17:02","28.06.2009 17:02",36,"Guddat","Martin","Kanoniere, Bombardiere, Pontoniere - Die Artillerie Friedrich des Großen","Verlag  Mittler",1996,"s.nachfolgende Tittel 3Bd. 55.-DM"
"15.03.2017 20:16","15.03.2017 20:18",,"Günster",Nina,"Blicke auf die Burg","German.Nationalmuseum",2010,"Zeichnungen und Aquarelle des 19.Jrht"
"28.06.2009 17:02","28.06.2009 17:02",273,"Gutberlet/Lutze",Erich/Eberhard,"Fürstliches Jagen",,1990,
"07.09.2015 18:35","07.09.2015 18:37",,Haag,Sabine,"Schaurig schön -Museumsbuch für junge Leser","Brandstätter",2011,
"29.12.2015 15:51","29.12.2015 15:55",,Haase,"Claus-Peter","Islamische Kunst a.d. Sammlung Edmund de Unger",Hirmer,2007,
"21.02.2018 20:07","21.02.2018 20:10",,Haase,"Claus-Peter","Sammlerglück-Islamische Kunst a.d.Slg.Edmund De Unger",Hirmer,2007,"Ausstellung Museum für Islamische Kunst Berlin"
"27.07.2011 08:12","27.07.2011 08:16",,Habermann,Sylvia,"Bayreuther Fayencen-Sammlung Burkhardt","Druckhaus Bayreuth",1997/2006,"2 Auflagen"
"20.06.2018 15:03","20.06.2018 15:06",,Haddon/McNeil,Chris/Lyndon,"Mein geliebter Oldtimer",Knesebeck,2013,
"03.12.2018 18:48","03.12.2018 18:51",,Hahner,Iris,"Museumsbahnen - 250 historische Eisenbahnstrecken in ....ISBN 978-3-8094-3478-8 ZFa - ","Bassermann ",2015,
"28.06.2009 17:02","28.06.2009 17:02",39,Hammer,"F.W.","Das Königlich Preußische Heer (1861 - 1865 in seiner gegenwärtigen Uniformierung)",Beckum,1980,"Text: Ingo Prömper"
"28.06.2009 17:02","10.12.2018 17:28",40,Hampe,Theodor,"Der Zinnsoldat, ein deutsches SpielzeugISBN 3-88407-012-6 Z",Ehrig,1982,
"28.06.2009 17:02","28.06.2009 17:02",41,Hansen,"Henny Harald","Costume Cavalcade","Eyre Methuen, London",1975,
"28.06.2009 17:02","28.06.2009 17:02",42,Hansen,"Henny Harald","Kleidung der Völker in Farben","Universitas Verlag Berlin",1977,
"28.06.2009 17:02","28.06.2009 17:02",43,Harris,Henry,"Modellsoldaten",Mundus,1988,"doppelt vorhanden"
"29.06.2020 12:10","29.06.2020 12:17",,Harvey,"Jonathan","Der Käfer -  Z.Fa ISBN 978-3-613-030923","Motorbuch",2010,
"17.10.2017 20:12","17.10.2017 20:14",,Harwood,Jeremy,"Die größten militärischen Erfolge","Bassermann ",2013,
"22.11.2018 18:29","22.11.2018 18:35",,Haydn,Williams,"Turquerie-Sehnsucht nach dem Orient ISBN978-3-945330-01-2","F.u.K.",2014,Z-Persien
"28.06.2009 17:02","28.06.2009 17:02",259,"Haythornthwaite/Chappel",Philip/Michael,"Uniformen des Napoleonischen Rußlandfeldzugs",Heyne,1977,
"28.06.2009 17:02","28.06.2009 17:02",44,"Haythornthwaite/Chappell",Philip/Michael,"Uniformen des Napoleonischen Rußlandfeldzugs",Heyne,1977,
"19.02.2021 19:21","19.02.2021 19:26",,"Heckel/Hook.....","Waldemar/Christa","Die Armee Alexanders des GroßenISBN978-3-939908-78-4","Brandenburgisches Verlagshaus",2009,
"23.01.2021 18:39","23.01.2021 18:44",,Heege,ELKE,"DEUTSCHLAND FAHRRÄDER-Illustrierter Hauptkatalog 1901 -August Stukenbrok Einbeck Nachdruck","Olms ISBN978-3-487-08536-4",2014,
"07.06.2011 13:23","07.06.2011 13:25",,Heilmeyer,Marina,"Floras Schönste Blüten","Prestel","2007  ",
"24.03.2010 08:04","12.09.2010 16:06",,Heilmeyer,Marina,"Floras schönste Blüten","Prestel","2007 ",
"14.06.2016 18:23","14.06.2016 18:30",,Heilmeyer,Marina,"Die Sprache der Blumen-Pflanzen u. i.symbolische Bedeutung ","Bassermann ",2016,
"25.04.2016 19:12","25.04.2016 19:14",,Heilmeyer,Marina,"Die Sprache der Blumen",Bassermann,2016,"Pflanzen und ihre symbolische Bedeutung "
"20.06.2018 15:06","20.06.2018 15:10",,Helb/Rössner,"H.Wolfgang/Rosl","Unsere Vogelwelt - Magische Momentaufnahmen",Kosmos,2015,
"29.12.2015 15:48","29.12.2015 15:51",,Herring,"Peter","Die Geschichte der Eisenbahn","coventgarden",2001,"9,95 Euro"
"10.12.2018 17:38","10.12.2018 17:41",,Heuer-Müller,Sven,"Ludwig Frank - Ein Leben für die ZinnfigurISBN 978-3-00-022313-6",,2007,
"24.09.2014 17:45","24.09.2014 17:49",,"Hildebrandt","AD.H.","Album der Deutschen Reichs- und Staatswappen Reprint",Melchior,2014,"16,95"
"14.06.2016 18:18","14.06.2016 18:21",,Hinrichsen,Torkild,"Spielzeug - ein Kindertraum",Husum,1996,
"28.06.2009 17:02","28.06.2009 17:02",260,Hinz/Braun/Zeidler,,"Aquarellmalerei leicht gelernt","Falken Verlag",1986,
"28.06.2009 17:02","28.06.2009 17:02",45,Hinz/Braun/Zeidler,,"Aquarellmalerei leicht gelernt","Falken Verlag",1986,
"28.06.2009 17:02","28.06.2009 17:02",46,Hoffman,Heinrich,"Der Struwelpeter","Diogenes Tb",,"6,80DM"
"22.11.2018 08:50","22.11.2018 08:56",,"Hohenberg (Fotograf)",Gregor,"Trachten ISBN 978-3-89955-566-0 ZMo","Gestalten",2015,
"10.10.2012 17:42","10.10.2012 17:46",,"Hohrath",Daniel,"Farben der Geschichte-Fahnen und Flaggen ",DHM,"2007  ",
"26.03.2012 15:36","26.03.2012 15:39",,"Hohrath",Daniel,"Farben der Geschichte-Fahnen und Flaggen",Medialis,"2007  ",
"26.08.2013 16:09","26.08.2013 16:12",,"Holl u.A.","Brigitte","Kinderwelt Soldatenwelt- Militärisches Spielzeug aus vergangener Zeit","Eigenverlag ",1995,"Ausstellung im Heeresgeschichtlichen Museum Arsenal Wien"
"28.06.2009 17:02","28.06.2009 17:02",264,Hopf,Andreas/Angela,"Galerie der Schönen","Heyne Tb",1979,
"15.03.2020 18:59","15.03.2020 19:03",,"Hörner ZFa",Wolfgang,"Porsche 911-alle Modelle seit 1963 ISBN 978-3-86245-000-8","Gera Mond",2016,ZFa
"14.05.2018 21:01","14.05.2018 21:05",,Hornung,Erik,"Grundzüge der ägyptischen Geschichte",primus,2011,"7.Aufl."
"12.12.2017 09:41","12.12.2017 09:47",,Hüsener,Gerd,"Ramm: Zinnfiguren-Musterbuch Lüneburg um 1860",Hauschild,2002,"Schwedenspeicher - Museum Stade"
"18.02.2020 19:16","18.02.2020 19:20",,Huw/Kari,"Lewis-Jones/Herbert","Kosmos großer Entdecker ISBN978-3-944874-47-0",Sieveking,2016,
"14.11.2020 18:58","14.11.2020 19:04",,"Huygen/Poortvliet",Wil/Rien,"Das große Buch der Heinzelmännchen ISBN978-3-96664-171-5",Heel,2012/2020,
"28.06.2009 17:02","28.06.2009 17:02",328,Israel/Gebauer,Ulrich/Jürgen,"Kriegsschiffe unter Segel und Dampf",Brandenburgisches,2007,"9,95eur"
"10.08.2014 12:11","10.08.2014 12:14",,Jahn,Wolfgang,"Adel in Bayern-Ritter,Grafen,Industriebarone",Theis,2008,
"17.01.2017 13:12","17.01.2017 13:17",,Jähnig/Sonnabend,Jens/Holger,"Die sieben Weltwunder",primus,"2010 ",
"21.02.2018 20:10","21.02.2018 20:14",,James,"T.G:Henry","Tutanchamun - Der ewige Glan des jungen Königs",vmb,2011,
"15.11.2011 17:40","15.11.2011 17:41",,Jepsen,Helge,Kinderspielzeug,cadeau,2011,
"17.01.2017 13:17","17.01.2017 13:25",,Jesse,Bernd,"Samurai, Bühnenstars und Schöne Frauen","Hatje Cantz",2012,
"28.06.2009 17:02","28.06.2009 17:02",281,Johnson/Hook/Hook,"Michael G./Jason/Richard","Die Indianer Nordamerikas, 16.-19. Jahrhundert","Siegler  Verlag",2006,"9,95 Eur."
"21.02.2018 20:01","21.02.2018 20:07",,"Jolivet",Joelle,"The Colossal Book of Costumes",Thames&Hudson,2008/2011,"Text engl."
"28.06.2009 17:02","28.06.2009 17:02",313,Jonas,Sylvia,"Dumonts kleines Lexikon der Mode",Dörfler,,
"28.06.2009 17:02","28.06.2009 17:02",225,Joplin,Norman,"Spielzeugsoldaten, Das neue kompakte Bestimmungsbuch",Könemann,1998,"2,95DM"
"28.06.2009 17:02","28.06.2009 17:02",253,Josephy,"Alvin M.","500 Nations - Die illustrierte Geschichte der Indianer Nordamerikas","weltbild",1996,
"19.02.2021 19:33","19.02.2021 19:38",,Joslin/Massari,Mary/Alida,"Die Weihnachtsgeschichte ISBN 978-3-522-30379-8","gabriel verlag",2013,
"28.06.2009 17:02","28.06.2009 17:02",47,Jung,"Peter","Der Alte Fritz, Eine Bilderfolge nach alten Kupferstichen und Anektoten","Eition Hentrich",1992,
"05.12.2019 11:10","05.12.2019 11:13",,"Junker/Tauchert",Klaus/Sina,"Helenas Töchter-Frauen und Mode im frühen Griechenland ISBN 978-3-8053-4858-4","v.Zabern",2015,
"28.06.2009 17:02","28.06.2009 17:02",303,Kaiser,,"Biblia Rara - Katalog 1988",Eigenverlag,1988,
"28.06.2009 17:02","28.06.2009 17:02",294,Kaiser,Paul,"Zinnfiguren - Wissenswertes zu Geschichte, Herstellung und Verwendung","Kulturbund DDR",1985,
"28.06.2009 17:02","28.06.2009 17:02",304,Kaiser,,"Biblia Rara - Katalog 2002",Eigenverlag,2002,
"28.06.2009 17:02","28.06.2009 17:02",239,Kälberer,"Günther","Komm bau mit mir - Bastelbuch ab 8 Jahren",Falken,1999,
"28.06.2009 17:02","28.06.2009 17:02",48,Kannik,Preben,"Uniformen in Farben","Universitas Verlag",1967,
"06.06.2015 12:11","06.06.2015 12:15",,Kapur,"Chishti","Sari-Das schönste Kleid der Welt","Dumont",,"19,95"
"28.06.2009 17:02","28.06.2009 17:02",49,"Kästner",Wener,"Sammeln von Zinnfiguren",Schwaig,1981,
"28.06.2009 17:02","28.06.2009 17:02",51,Kebbel,"Harald und Renate","Bruckmann`s Handbuch der Zinnfiguren",Bruckmann,1978,"doppelt vorhanden"
"04.02.2010 14:47","04.02.2010 14:50",,Keubke,Klaus-Ulrich,"1000 Uniformen","Naumann u. Göbel",,"5 Euro"
"28.06.2009 17:02","28.06.2009 17:02",52,"Keubke/Schnittler","Hans Ulrich/Helmut","Adolph Menzel und das Heer Friedrich II von Preußen","Brandenburgisches Verlagshaus",1991,
"28.06.2009 17:02","28.06.2009 17:02",295,"Klatte",Paul,"Geschichte des Theaters - Zinnfiguren auf der Bühne",Eigenverlag,1997,
"28.06.2009 17:02","28.06.2009 17:02",332,"Klausnitzer",Bernhard,Käfer,Nikol,2002,"10,00Eur."
"28.06.2009 17:02","28.06.2009 17:02",53,Klein,"Jean Pierre","les petits soldats de Strasbourg",,1985,"29.-DM 100FF"
"18.09.2020 19:21","18.09.2020 19:24",,"Kleingärtner",Sunhild,"Die Wikinger und ihre Schiffe ISBN978-3-8062-3543-2","Theis WBG",2017,
"15.03.2020 21:09","15.03.2020 21:15",,Klingelhöller,Andreas,"Feuerwehrfahrzeuge-DasJahrbuch 2019 ISBN978-3-95613-075-5",GeraMond,2019,ZFa
"07.06.2011 13:25","22.11.2018 18:15",,Knoop,"Johann Hermann","Pomologia ISBN 978-3-898336-968-8 GA","komet","2009 ",
"28.06.2009 17:02","28.06.2009 17:02",59,"Knötel/Röchling",Richard/Karl,"Der Alte Fritz in 50 Bildern","Bibl TB Nr.276",1981,"Antiq.1998-40.-DM"
"28.06.2009 17:02","28.06.2009 17:02",58,"Knötel/Sieg","Herbert d. J./Herbert","Handbuch der Uniformkunde","Verlag  Schulz Hamburg",1971,"30.--DM antiq.1998 200.--DM"
"28.06.2009 17:02","22.11.2018 18:12",57,"Knötel/Sieg","Herbert d. J./Herbert","Farbiges Handbuch der Uniformkunde ISBN 3-440-81072-0","W. Spemann Stuttgart",1985,"148.-DM antiq. 1998 120.-DM"
"05.10.2009 18:22","05.10.2009 18:26",,Koch,"H.W.","Illustrierte Geschichte der Kriegszüge i. Mittelalter","Bechtermünz",1998,
"28.06.2009 17:02","05.07.2009 13:47",60,"Kohlhaas/v. Stadlinger","Wilhelm/L.J.","Württembergische Uniformen von 1638 - 1854",Eigenverlag,,"29,80DM"
"28.06.2009 17:02","28.06.2009 17:02",115,Kolb,Karl,"Wehrkirchen in Europa","Echter",1983,
"28.06.2009 17:02","28.06.2009 17:02",114,Kolb,Karl,"Wehrkirchen - Kirchenburgen in Franken","Echter",1977,
"28.06.2009 17:02","28.06.2009 17:02",61,Kollbrunner,"Curt F.","Zinnfiguren, Zinnsoldaten, Zinngeschichte","Verlag Hirmer München",1979,
"11.03.2016 20:46","11.03.2016 20:48",,Kölsch,Gerhard,"Georg Adam Eger-Jagdmaler am Hessen-Darmstädter Hof","Michael Imhof","2010 ",
"17.02.2021 14:03","17.02.2021 14:06",,"Konstam",Angus,"Die Armee Peter des Großen ISBN978-3-941557-31-4","Siegler  Verlag","2010 ",
"19.02.2021 19:16","19.02.2021 19:33",,"Konstam",Angus,"Piraten 1660-1730 ISBN 978-3-941557-87-1","Brandenburgisches Verlagshaus",2011,
"03.12.2018 18:51","23.03.2019 19:50",,Köpcke/Weinhold,"Sebastian/Volker","Mechanische Tierwelt",,2018?,"s.a.Kataloge"
"28.06.2009 17:02","28.06.2009 17:02",56,Korn,"Hans Enno","Fahnen und Uniformen der Landgräflich-Hessen=Kassel`schen Truppen im  Amerikanischen Unabhängigkeits",,,
"28.06.2009 17:02","28.06.2009 17:02",62,Kosak/Muzeniek,"Eva/Peter","Zauber des Gewands","Altberliner Verlag",,
"28.06.2009 17:02","28.06.2009 17:02",299,Kosch,,"Was find ich am Strand",Kosmos,1970,
"28.06.2009 17:02","28.06.2009 17:02",63,Koschorreck,"Walter",Minnesinger,"insel Tb. Nr. 88",1977,
"28.06.2009 17:02","28.06.2009 17:02",64,"Kozak/Pospisil u. Rada",,"Taschenatlas der Schiffe","Dausien Verlag",1982,"7,85DM"
"19.12.2016 18:55","19.12.2016 18:59",,Krämer/Krämer,Claus/Jörg-Wolf,"Allerley Narretey - Unterhaltungskunst im Mittelalter",Regionalia,2014,
"28.06.2009 17:02","10.12.2018 18:13",233,Krannich,Egon,"Kieler Zinnfiguren ISBN 3-933124-10-7 Z","Edition Kranich",2002,"Euro 30,70"
"28.06.2009 17:02","10.12.2018 18:14",234,Krannich,Egon,"Kieler Zinnfiguren II ISBN 3-933124-15-8","Edition Krannich",2003,"22,00 EUR"
"28.06.2009 17:02","10.12.2018 17:56",287,Krannich,Egon,"Krippen in Zinn ISBN 3-933124-31-X","Edition Krannich",2007,"24,50"
"25.12.2020 19:26","25.12.2020 19:30",,"Krannich Dr",Andreas,"Herrscher, Feldherrrn, Stolze Reiter ISBN 3-933124-43-3","Edition Krannich ",2015,"Weihnachten 2020 von Renate"
"02.12.2009 12:20","10.12.2018 17:58",,"Krannich Dr.","Egon ","Überall ist Wunderland-Sächs. Zinnminiaturen Bd.II ISBN 3-933124-36-0","Edition Krannich ","2009 ","29,00Euro"
"28.06.2009 17:02","10.12.2018 18:37",125,"Krannich Dr./ Brock"," Egon / Walter","Die Zinnwelt des Franz Karl Mohr ISBN ?","Dr. Krannich",1997,"67,5oDM"
"28.06.2009 17:02","10.12.2018 17:57",247,"Krannich Dr./Brock",Egon/Andreas,"Die Zinnwelt des Franz Karl Mohr  Teil II ISBN 3-933124-02-6","Dr. Krannich",1998,
"28.06.2009 17:02","10.12.2018 18:06",126,"Krannich Dr./Dr. Vogel",Egon/Andreas,"Sächsische Zinnminiaturen ISBN3-342-00494-0","Dt.Verlag f. Grundstoffindustrie",1994,
"12.12.2017 09:47","10.12.2018 18:09",,"Krannich Hrg.",Egon,"Franz Karl Mohr - Das Gesamtwerk ISBN3-933124-44-I","Krannich ",2017,
"22.03.2011 20:04","22.03.2011 20:06",,"Krannich Hrg.","Egon ","Faust in Zinn","Krannich ","2010 ","20,00 Euro"
"28.06.2009 17:02","10.12.2018 18:33",221,Krannich/Brock,"Egon/Walter","100 schöne Dioramen ISBN 3-933124-07-7","edition Krannich",2000,"49,50DM"
"28.06.2009 17:02","10.12.2018 18:08",208,"Krannich/Doutrelepont","Dr.Egon/Joachim","Fahrzeuge in Zinn ISBN 3-933124-04-2","Eigenverlag Krannich",1999,"68.--DM"
"12.12.2017 09:56","10.12.2018 18:10",,Krannich/Vullinghs,"Egon /Jacques","Mignot Eine Reise in die Welt der Flachfiguren ISBN 3-933124-20-4","Krannich ",2013,
"10.09.2017 14:04","10.09.2017 14:07",,Kraume,"Herbert ","Glanzvolles Burgund - Blütezeit im Mittelalter",primus,2010,
"05.12.2019 11:14","05.12.2019 11:17",,Krause/Pfaffenbichler,"Stefan/Matthias","Turnier-1000 Jahre Ritterspiele ISBN 978-3-99020-140-4",Hirmer,2017,"KHM Wien"
"18.09.2020 19:24","18.09.2020 19:27",,Krause/Pfaffenbichler,"Stefan/Matthias","Turnier-1000 Jahre Ritterspiele ISBN 978-3-99020-140-4",Hirmer,2017,
"02.03.2022 17:29","03.03.2022 09:41",,Krauß/Schwaiger,"Anette/Thomas","Seelenspiegel Krippe ISBN978-3-87437-594-8","Anton H.Konrad Verlag",2020,"Die Osterrieder- und Jaheskrippe von St.Ursula München-Schwabing"
"15.03.2017 19:07","10.09.2017 11:17",,Kremer,"Roberta S.","Zerrissene Fäden-D.Zerstörung d. jüdischen Modeindustrie","Steidl",2013,
"28.06.2009 17:02","28.06.2009 17:02",65,"Kretschmer","Albert","Das große Buch der Volkstrachten","Rheingauer Verlagsgesellschaft",1977,
"28.06.2009 17:02","10.12.2018 18:41",226,Krog/Kranich,,"Otto Gottstein und der Beginn der kulturhistorischen Zinnfigur",Krannich,2000,"Preis: 59,00DM ISBN3-933124-06-9"
"28.06.2009 17:02","28.06.2009 17:02",66,Kröll,"Christina","Journal des Luxus und der Moden","Bibl. Tb. Nr. 117",1979,
"28.06.2009 17:02","28.06.2009 17:02",202,Kühn,,"Rund um die Zinnfigur, Gesamtkatalog",,1998,"Katalog der Firma Kühn"
"14.05.2018 21:05","26.05.2018 18:00",,Kunze,Max,"Ostereier zwischen Kult und kunst","Franz Philipp Rutzen",2014,"Katalog Liechtenstein"
"22.01.2022 19:51","22.01.2022 19:54",,Kürzeder,"Christoph","Buon Natale-Choreografien der neapolitanischen Weihnacht ISBN 978-3-944874-08-1","Sieveking ",2014,
"14.11.2020 18:45","07.04.2021 18:59",,Kürzeder,"Christoph","Buon Natale-Choreografien der neapolitanischen Weihnacht","Sieveking ISBN 978-3-944874-08-1",2015,"freising Krrippe im diözesanmuseum"
"29.12.2015 17:30","29.12.2015 17:32",,Kusenberg,"Kurt","Das Krippenbüchlein","Hatje Cantz",2015,
"28.06.2009 17:02","28.06.2009 17:02",67,"Kutschera",Volker,"Spielzeug, Spiegelbild der Kulturgeschichte","dtv",1979,
"28.06.2009 17:02","28.06.2009 17:02",1,"Kutschera",Volker,"Spielzeug. Spiegelbild der Kulturgeschichte","dtv",1979,
"28.06.2009 17:02","28.06.2009 17:02",68,Lächler/Wirz,Paul/Hans,"Die Schiffe der Völker","Walter Verlag",1962,
"09.12.2010 16:53","15.11.2018 17:48",,Lack,"Walter ","Ein Garten Eden ISBN 978-3-8365-0302-0 GA","Taschen ",2008,
"26.03.2023 12:42","26.03.2023 12:42",,"Lambton",Lucinda,"Das Puppenhaus der Queen ISBN978-3-8369-2094-3","Gerstenberg",2014,
"23.10.2018 16:14","23.10.2018 16:22",,Langer,Axel,"Sehnsucht Persien",scheidegger-spieß,2013,"museum rietberg"
"05.12.2019 10:59","05.12.2019 11:04",,"Latus",Urs,"Kunststücke-Holzspielzeugdesign vor 1914 ISBN3-921590-62-0",Tümmels,1998,"Schriften des Spielzeugmuseums Nürnberg"
"14.05.2018 20:59","14.05.2018 21:01",,"Le Bohec",Yann,"Die römische Armee",Nikol,2016,"3.Aufl."
"15.06.2016 11:10","12.12.2018 18:07",,"Le Goff",Jacques,"Das Mittelalter in BildernISBN3-608-94230-0 ZMi","Klett-Cotta",2002,
"01.03.2016 17:37","22.11.2018 18:23",,"Leclerc de Buffon","Georges - Louis","Histoire Naturelle- Generale et Particuliere ISBN 978-84-92463-55-8",FKG,,Übergröße
"28.06.2009 17:02","28.06.2009 17:02",69,Leclere,Rossanne,"Geschichte des Kostüms","Hallwag Verlag",1970,"8,8ODM"
"28.06.2009 17:02","10.12.2018 17:45",70,Leinweber,Ulf,"Die kleine Figur - Geschichte in Masse und Zinn (Katalog Ausstellung Kassel  1985/1986","Thiele + Schwarz Kassel",1985,"ISBN 3-87816-057-7"
"26.05.2010 16:47","22.11.2018 18:10",,Lemaire,Gerard-Georges,"Orientalismus-D.Bild d. Morgenlandes i.d.MalereiISBN 3-8331-1433-9 ZPersien",Könemann,2005,"9,95"
"05.10.2009 18:17","23.11.2009 17:24",,Leon,"Rampante","Alpedrete",,2003,"Figurenheft"
"06.03.2018 17:55","06.03.2018 17:58",,Leonard,"Matthew","Britain`s Favourite Cars of the Decades","Parragon Books",2014,
"14.11.2019 18:44","14.11.2019 18:48",,Lepper,"Verena M.","Persönlichkeiten aus dem Alten Ägypten ISBN 978-3-86568-939-9",,2014,
"29.06.2020 12:17","29.06.2020 12:20",,Lessmann,Johanna,"Italienische Majolika aus Goethes Besitz ISBN978-3-89790-386-3",arnoldsche,2015,
"26.08.2013 16:54","29.08.2013 12:34",,"Lichtin (Hsgb.)","Christoph","Josef Reinhard 1749-1824 - Trachten, Porträts, Menschenbilder","Benteli","2005 ","Kunstmuseum Luzern"
"21.08.2019 10:26","21.08.2019 10:31",,Lode,"Antje","Skulptur und Puppe-vom Menschenbildnis zum Spielzeug ISBN 978-3-937434-20-9","A.B.Fischer ZMo",2008/2011,
"18.09.2020 19:17","18.09.2020 19:21",,Loewe,"Jean Louis","Mit der schlesischen Landwehr nach Paris ","K-R. Schütze",1996,"ISBN 3-928589-08-3"
"28.06.2009 17:02","28.06.2009 17:02",296,Löffel,Leo,"Fabelhafte Frösche - Die schönsten Blechspielzeuge",Schirmer/Mosel,2004,
"22.11.2022 17:19","22.11.2022 17:23",,Lohmann/Roche`,"Michael G./Jason/Richard/Jean C.","Singvögel-Vorkommen,Lebensweise, Gesang ISBN978-3-8354-0880-7",blv,2012,
"28.06.2009 17:02","15.11.2018 17:38",199,Lonicer,Wendelin,"Geschichte aus der Spanschachtel - Historische Zinnfiguren ISBN 3-932147-37-5 mode","Rasch Verlag, Bramsche",1998,"28,50DM"
"28.06.2009 17:02","12.12.2018 17:58",71,Loschek,Ingrid,"Reclams Mode- und Kostümlexikon ISBN 3-15-010343-6 ZMo",Reclam,1987,"67.-DM"
"28.06.2009 17:02","10.12.2018 17:32",200,Löschner/Domnick,"Renate/Heinz Joachim","Lateinamerika - Erinnerungen in Zinn , Zinnfiguren, Illustrationen, Bilder zur Geschichte eines Kon.","Mercedes-Druck, Berlin",1997,"29,80DM ISBN3-9803291"
"28.06.2009 17:02","28.06.2009 17:02",301,"Lucht",Irmgard,"Die Vogel-Uhr",Ellerman,1977,
"28.06.2009 17:02","28.06.2009 17:02",344,"Lucht",Irmgard,"Die große Naturuhr",ellerman,2009,
"28.06.2009 17:02","28.06.2009 17:02",195,"Luthardt","Ernst - Otto","Das kleine Buch vom Minnesang","Stürtz",1995,"von Renate 3/98"
"11.03.2016 20:49","11.03.2016 20:54",,Magnaguagno,Guido,"Rüstung und Robe",Kehrer,"2009  ","Katalog Museum Tinguely Basel"
"28.06.2009 17:02","28.06.2009 17:02",72,Maier,"Lotte","Militärmarken","Bibl.Tb. Nr.253",1981,
"05.12.2019 11:17","26.02.2020 18:19",,"Maier u.weitere",Sönke,"Die Welt um 1500-Aufbruch und Wandel",Colordruck,2019,"Ausstellung in Schwetzingen und Schrobenhausen
Katalog"
"20.06.2018 15:13","20.06.2018 15:21",,Makos,"Christopher",EquiPose,"Glitterati",2005,"Text englisch"
"31.08.2017 18:56","31.08.2017 19:01",,Mall/Suhr,Markus/Suhr,"Kleine Geschichte der Ketzerei",Thorbecke,2008,
"15.03.2017 20:18","15.03.2017 20:21",,"Mamerot","Sebastien","Eine Chronik der Kreuzzüge","Taschen ",2016,
"10.07.2014 19:47","10.07.2014 19:50",,Mannen,Rick,"Schöne Traktoren","Landwirtschaftsverlag",2012,"7,99 Euro"
"28.06.2009 17:02","28.06.2009 17:02",204,"Martell","Hazel Hazel Mary","Alte Kulturen - Eine Reise in die Vergangenheit","Delphin Verlag",1995,"viele farbige Abbildungen"
"31.08.2017 19:06","31.08.2017 19:07",,"Martin","Stephen",Pinguin,"Gerstenberg",2011,
"28.06.2009 17:02","28.06.2009 17:02",224,"Martin",Paul,"Der bunte Rock - Uniformen im Wandel der Zeiten","Franckh, Stuttgart",1963,"80.-DM antiquarisch Düsseldorf"
"28.06.2009 17:02","28.06.2009 17:02",223,"Martin",Paul,"Der standhafte  Zinnsoldat - Bunte Welt aus Zinn und Blei","Franckh, Stuttgart",1961,"70.-DM antiquarisch Düsseldorf"
"28.06.2009 17:02","28.06.2009 17:02",73,"Martin/Bennett","J.H./ Geoffrey","Das große Buch der Schiffe","Bertelsmann",1977,
"15.08.2019 09:17","15.08.2019 09:21",,"Matzat","Knut","Zinnfiguren aus Schleswig-Hollstein und Mecklenburg...","Eigenverlag ",2019,
"28.06.2009 17:02","10.12.2018 18:02",74,Maurice,Klaus,"Das Taschenweltchen - Ein Essay über Zinnfiguren","Bay. Versicherungskammer",1981,"doppelt"
"18.09.2020 19:17","24.10.2020 11:40",,"Mc Nally","Michael ","Dettingen 1743 Miracle on the Main ISBN PB9781472836816",Osprey,2020,Englisch
"05.12.2019 11:04","05.12.2019 11:10",,Medway,Jim,"Große Katzen,Kleine Katzen-ein bebilderter Überblick über die Katzen dieser Welt ISBN 978-3-945330-46-3",F&K,2017,
"26.08.2013 16:37","29.08.2013 10:59",,Meeuwissen,Tony,"Remarkable Animals","Frances Lincoln",2012,Kinderbuch
"10.08.2014 12:09","10.08.2014 12:11",,Mehl,Heinrich,"Schätze in Papier",Husum,1999,
"28.06.2009 17:02","28.06.2009 17:02",75,Meidenbauer,Georg,"Zinnfiguren aus Meisterzinn","Frech Verlag",1981,"15,8ODM"
"28.06.2009 17:02","28.06.2009 17:02",347,Meier,Frank,"Mit Kind und Kegel",Thorbecke,2006,
"28.06.2009 17:02","28.06.2009 17:02",120,Menge,Wolfgang,"So lebten sie alle Tage - Bericht aus dem alten Preußen",Quadriga,1984,
"28.06.2009 17:02","28.06.2009 17:02",314,"Mergenthaler",Markus,"Krippen aus aller Welt","Eigenverlag Knauf Museum",,"3 Euro"
"25.04.2016 19:09","25.04.2016 19:11",,"Mertens",Volker,"Liebespaare des Mittelalters",Thorbecke,2011,
"19.03.2019 21:06","19.03.2019 21:16",,"Metternich",Wolfgang,"Teufel,Geister und Dämonen-Das Unheimliche in der Kunst des Mittelalters ISBN ",WBG,2011,
"28.06.2009 17:02","28.06.2009 17:02",76,"Metz","Ernst","Hessische Uniformbilder der Biedermeierzeit 1825 - 1845","F. Lometsch Verlag",1964,"antiq.1998-60.-DM"
"22.01.2022 19:54","22.01.2022 19:58",,"Metz/Stockhammer",Thomas/Andrea,"Ritter!Tod!Teufel? Franz von Sickingen un∂ ∂ie Reformation ISBN978-3-7954-2953-9","Schnell+Steiner",,
"06.06.2015 12:18","29.11.2018 15:39",,Meurer,"Heribert","Das Stuttgarter Kartenspiel ISBN 3-8062-1009-8 ZMo","K.Theiss Verlag","1991; 2.Aufl.","Mode d. Mittelalters"
"25.01.2023 18:05","25.01.2023 18:09",,Mezger,Werner,"Fasnet in  Rottweil - Geschichte und gegenwart eines Brauchs ISBN3-8062-1220-1",Theiss,1996,
"26.08.2013 16:12","26.08.2013 16:25",,Mick,"Ernst W.","Johann Evangelist Holzer(1709-1740):Ein frühvollendetes Malergenie des 18.Jhd.","Schnell u. Steiner",,
"28.06.2009 17:02","28.06.2009 17:02",274,Miller,Douglas,"The Landsknechts",Osprey,,
"07.12.2018 20:45","19.03.2019 21:06",,"Mitgutsch",Alice,"Rund ums Schiff ISBN 978-3-473-44673-5 ZFa",Ravensburger,2016,
"28.06.2009 17:02","28.06.2009 17:02",116,Möhn,"Edwin Hsgr","Der große Natur und Landschaftsführer unserer Heimat",Mair,1979,
"28.06.2009 17:02","28.06.2009 17:02",78,"Mollo/Mac Gregor",Andrew/Malcom,"Armee-Uniformen des 2. Weltkriegs in Farbe","Heyne Broschur",1974,
"28.06.2009 17:02","28.06.2009 17:02",77,"Mollo/Mac Gregor",John/Malcom,"Uniformen des amerikanischen Unabhängikeitskriegs","Heyne Broschur",1975,
"28.06.2009 17:02","28.06.2009 17:02",285,Moore,"Robert J.","Die Indianer - Bilder der Ureinwohner Nordamerikas","Weltbild",1997/2007,"gek.08.2007 - ca 8,00Eur."
"15.03.2017 19:19","15.03.2017 19:22",,"Morton",Mary,"Oudry's Painted Menagerie","Getty Museum los Angeles",2007,"Text englisch"
"20.12.2016 17:59","20.12.2016 18:00",,Müller,Armin,"Die Welt der Römer",Aschendorff,1999,
"28.06.2009 17:02","28.06.2009 17:02",201,Müller,Marie-Luise,"Kleine Kunstfigur in Zinn (Katalog)",Eigenverlag,1998,"Katalog 20.--DM"
"22.09.2017 19:11","22.09.2017 19:16",,Müller-Meiningen,Johanna,"Der blaugestreifte Reiter",Minerva,"2000 ","Gemälde aus dem Münchner Stadtmuseum"
"28.06.2009 17:02","10.12.2018 17:35",230,Müller/Lachmann,Reinhold/Manfred,"Militärhistorische MiniaturenISBN3-327-01231-8","Brandenburgisches Verlagshaus","1991; 2.Aufl.","gek.2002; 8,67EUR"
"07.12.2018 19:01","07.12.2018 20:29",,Müller/Müller/Scheuch,"Arnfried/Peter","Martin Luther 1483-1546 Lebens-und Reformationsgeschichte in Zinnfiguren-Dioramen","Zeughaus Verlag",2012,"ISBN 978-3-938447-65-9
ZMiü"
"28.06.2009 17:02","28.06.2009 17:02",79,"Müller/Rother",,"Die Kurfürstlich- Sächsische Armee um 1791",,,
"29.06.2020 15:27","13.08.2020 20:13",,Münch,Reinhard,"Als die Würzburger für Napoleon fochten ISBN978-3-96145-880-6",Engelsdorfer,2020,
"09.12.2016 17:06","09.12.2016 17:09",,Nappo,"Donato","Homes on the Move","h.pullmann",2013,"mobile Architektur auch in deutsch"
"28.06.2009 17:02","10.12.2018 18:30",81,Nasemann,Theodor,"Nostalgie in Zinn ISBN 3-521-04104-2 Z",Thiemig,1979,
"18.09.2020 19:27","18.09.2020 19:35",,"Netzer",Susanne,"Maleremails aus Limoges ISBN 3-931768-26-0","G&H Berlin",1999,"Bestandskatalog Kunstgewerbemuseum Berlin"
"28.06.2009 17:02","28.06.2009 17:02",238,Neubecker,"Ottfried",Wappenkunde,Orbis,2002,
"28.06.2009 17:02","28.06.2009 17:02",82,Neubecker,"Ottfried",Heraldik,"Krüger Verlag",1977,
"15.08.2019 09:17","21.08.2019 10:22",,Neuhold,"Helmut","Kriegsstrategien-von der Antike bis heuteISBN978-3-7374-1093-9",marix,2019,
"29.06.2020 15:26","28.10.2020 10:20",,Nicolle/Wise,David/Terence,"Saladin - Sarazenen und KreuzritterISBN978-3-939908-61-6","Siegler  Osprey",2008/2011,
"28.06.2009 17:02","29.11.2011 15:24",334,Nißl,Clemens,"Grosse kleine Römerwelt (2X)","Eigenverlag Museum Kipfenberg",2007,"9,95Eur."
"28.06.2009 17:02","28.06.2009 17:02",275,Noack,"Detlef M.","Tut Ench Amun","Egger Köln",1976(?),
"09.12.2016 16:48","12.12.2018 18:05",,"Novoa Portela u.a.",Feliciano,"Legendäre Reisen im Mittelalter ISBN 978-3-8062-2200-5 ZMi","K.Theis verlag",2008,
"02.12.2009 12:14","02.12.2009 12:17",,Nußbeck,Ulrich,"Schottenrock und Lederhose",Rauscher,1994,"Museum f. Volkskunde berlin heft 14"
"28.06.2009 17:02","28.06.2009 17:02",193,"o. Verf.",,"Internationale Zinnfigurenbörse Würzburg 1986",Peka-Med,1986,
"28.06.2009 17:02","28.06.2009 17:02",54,"o. Verf.",,"Kleines Zinnfiguren Brevier","Klio Berlin",,"1,50DM"
"28.06.2009 17:02","28.06.2009 17:02",80,"o. Verf.",,"Deutsches Zinnfigurenmuseum Kulmbach - Plassenburg","Westermann",1980,
"28.06.2009 17:02","28.06.2009 17:02",215,"o. Verf.",,"(Kl)eine Welt aus Zinn - Eine Reise um die Welt der Zinnfiguren",,1999,"Begleitheft zu Sonderausstellung im Industrie Museum Lauf 10.Okt. - 9.Jan.2000"
"28.06.2009 17:02","28.06.2009 17:02",55,"o. Verf.",,"Das Hamburger Bürgermilitär","Klio Hamburg",,
"28.06.2009 17:02","28.06.2009 17:02",220,"o. Verf.",,"Illustrierte Kostümgeschichte","Pepin Press",1998,
"28.06.2009 17:02","28.06.2009 17:02",127,"o. Verf.",,"Almanach - Deutsches Zinnfigurenmuseum",,,"Erscheint alle zwei Jahre anläßlich der Börse"
"28.06.2009 17:02","28.06.2009 17:02",240,"o. Verf.",,"Geschichten von Wichteln, Zwergen und Heinzelmännchen","Pestalozzi",,
"28.06.2009 17:02","28.06.2009 17:02",297,"o. Verf.",,"Potsdamer Zinnfiguren-Kabinett",Eigenverlag,1994,
"28.06.2009 17:02","28.06.2009 17:02",217,"o. Verf.",,Aquarellmalerei,"Bechtermünz Verlag",1997,"5,00DM"
"28.06.2009 17:02","28.06.2009 17:02",218,"o. Verf.",,"Landschaftsmalerei","Bechtermünzverlag",1997,"5,00DM"
"28.06.2009 17:02","28.06.2009 17:02",278,"o. Verf.",,"Kulmbach Almanach Jahre 1973-1989,1995-2003, 2005, 2007",,,
"28.06.2009 17:02","28.06.2009 17:02",228,"o.Ver.",,"Wegweiser durch die Natur; Tiere und Pflanzen Mitteleuropas","Neuer Honos Verlag",2002,
"28.06.2009 17:02","28.06.2009 17:02",219,"o.Verf-",,Blumenmalerei,"Bechtermünz Verlag",1997,"5,00DM"
"07.12.2018 19:01","14.01.2019 16:46",,"o.Verf.",,"Der Bayerische Krippenfreund 386","Zeitschrift d.Verbands bay. Krippenfreunde ISSN 0005-707X",12/2018,
"28.06.2009 17:02","28.06.2009 17:02",207,"o.Verf.",,"Rom - Aufstieg und Fall eines Weltreiches",,,"Ausstellung des Zinnfigurenmuseums Goslar"
"28.06.2009 17:02","28.06.2009 17:02",277,"o.Verf.",,"Landschaftsmalerei","Bechtermünz",1997,
"28.06.2009 17:02","28.06.2009 17:02",50,"o.Verf.",,"Österreichisches Zinnfigurenmuseum im Schloß Pottenbrunn,St. Pölten",,1978,
"28.06.2009 17:02","28.06.2009 17:02",306,"O.Verf.",,"Zoo Frankfurt",Eigenverlag,,"3Exemplare; 1 x Exotarium"
"25.11.2010 17:23","25.11.2010 17:28",,"o.Verf.",,"50. Wormser Spielzeugauktion","Auktionshaus Lösch","2000 ?","15,00 Euro"
"28.06.2009 17:02","28.06.2009 17:02",222,"o.Verf.",,"Paradestücke - Zinnfiguren aus Nürnberg und Fürth","Museen d.Stadt Nürnberg",2000,"Buch erschien begleitend zur Ausstellung ""Kleine Welten - Zinnfiguren aus Nürnberg und Fürth DM49,50"
"25.11.2010 17:31","25.11.2010 17:32",,"o.Verf. ",,"Weihnachtskatalog B. Schweizer",,,"5,00 Euro"
"12.12.2017 09:59","12.12.2017 10:00",,"o.Verf. ",,"Zinnfiguren Almanach 2017",,2017,
"24.03.2010 08:04","16.06.2010 08:31",,"o.Verf. ",,"Geolino-Das Mittelalter","Gruner u. Jahr","2009  ","5,90 Euro"
"23.11.2009 17:24","23.11.2009 17:29",,"o.Verf. ",,"Historische Uniformen -  Prince August Zinngießformen","Gifor Kittler",1977,"Nachdruck 2009"
"25.11.2010 17:32","25.11.2010 17:36",,"o.Verf.  ",,"Katalog Offizin Babette Schweizer",Eigenverlag,"ca 1980","15,00 Euro"
"23.10.2018 16:02","22.11.2018 08:36",,"o.Verf.  ",,"Museumsbahnen - 250 historische Eisenbahnstrecken in ....ISBN 978-3-8094-3478-8 ZFa","Bassermann ",2015,
"21.02.2012 09:49","21.02.2012 09:53",,"o.Verf.  ",,"Description De L`Egypte","taschen","2007  ","Bilder anläßlich des Feldzugs von Napoleon"
"22.03.2011 20:01","22.03.2011 20:04",,"o.Verf.  ",,"Katalog ""Schöne Figuren Frühjahr 2011""","Scholtz ",2011,"2,95 Euro"
"22.11.2018 18:35","22.11.2018 18:37",,"o.Verf.  ",,"Bildersammlung i.S. eines Kalenders der FAG Kugelfischer",,,"Bilder aus dem Musemsbestand ca 1980"
"01.09.2018 20:09","01.09.2018 20:11",,"o.Verf. .",,"10000 Years of Art",Phaidon,,
"01.09.2018 19:47","01.09.2018 19:53",,"Ogata/Weber","Amy F./Susan","Swedish Wooden Toys",,2014,"Text englisch"
"28.06.2009 17:02","28.06.2009 17:02",83,Onken,"Walter",Zinnfiguren,"Mosaik Verlag München",1976,
"28.06.2009 17:02","28.06.2009 17:02",84,"Ortenburg",Georg,"Die Brandenburg-Preussische Armee in historischer Darstellung",Beckum,1977,
"28.06.2009 17:02","28.06.2009 17:02",85,"Ortmann",Erwin,"Zinnfiguren einst und jetzt","Stauffacher Verlag",1973,
"22.11.2018 08:56","22.11.2018 09:05",,Paco,Asensio,"Modern Fashion Illustration ISBN 978-84-96805-31-6 ZMo","maomao FKG",,
"09.12.2010 16:55","09.12.2010 16:58",,Pascal,Dominique,"Modellautos",Flammarion,2003,
"11.03.2016 20:48","11.03.2016 20:49",,"Pastoureau",Michel,"Das mittelalterliche Bestiarium",Primus,2013,
"24.09.2014 17:49","10.12.2018 18:54",,"Patterson",Angus,"Fashion and Armour in Renaissance Europe ISBN 978-1-851-77581-1 ZMo","V&A Publishing","2009  ","9,95"
"28.06.2009 17:02","28.06.2009 17:02",210,Peacock,John,"Kostüm und Mode - das Bildhandbuch","Haupt","1996/2.Aufl.",
"28.06.2009 17:02","28.06.2009 17:02",203,Pellmann/Auerbach,Udo/Konrad,"Spielzeug aus dem Erzgebirge","Stürtz",1995,"Reihe: Kleine Bibliothek"
"10.07.2014 19:53","10.07.2014 19:56",,"Peters",Michael,"Geschichte Frankens-Vom Ausgang d. Antike bis zur Gegenwart",Nikol,2008/2011,"14,99 Euro"
"26.05.2010 16:44","26.05.2010 16:47",,Phillips,Charles,"D.faszinierende Welt d.Ritter","tosa/Ueberreuther  ",2009,"9,95 Euro"
"19.12.2016 18:59","19.12.2016 19:02",,Pickering,Michelle,"Genesis - DieGeshichte der Schöpfung in Bildern",Librero,2015,
"28.06.2009 17:02","28.06.2009 17:02",86,Piecha,Waldemar,"Soldaten des Rokoko","dtv Nr.2874",1981,"16,80DM"
"28.06.2009 17:02","28.06.2009 17:02",315,"Pietsch",Ulrich,"Porzellan Parforce -Jagdliches Meißner Porzellan d. 18.Jhd.",Hirmer,2005,"Katalog Knauf 20 Euro"
"17.09.2012 18:13","17.09.2012 18:15",,Piper,"Otto","Burgenkunde-Bauwesen u.Geschichte",anaconda,2011/1895,
"28.06.2009 17:02","28.06.2009 17:02",346,"Platt",Richard,"Ritter","unipart",2004,
"28.06.2009 17:02","28.06.2009 17:02",117,"Pleticha",Heinrich,"Ritter Burgen und Turniere",Arena,1961,"Bilder nur schwarz weiß"
"28.06.2009 17:02","28.06.2009 17:02",87,"Pleticha",Heinrich,"Weltgeschichte in Zinn","Bertelsmann",1976,
"23.07.2022 15:49","23.07.2022 15:53",,Pogorzelski,"Ritchie","Der Triumph-Siegesfeiern im antiken Rom ISBN978-3-943904-48-2",Nünnerich-Asmus,2015,
"29.06.2020 15:32","29.06.2020 15:36",,Poliza,Michael,"Africa ISBN978-3-96171-082-9 (Tierwelt) ZTi","teNeues",2018,
"27.12.2020 21:51","27.12.2020 21:56",,Poppe,"Birgit","Spitzweg und seine Zeit ISBN 978-3-86502-346-9",Seemann,2015,
"28.06.2009 17:02","28.06.2009 17:02",318,"Potter","Beatrix","The Complete Tales",Penguin,2002,"30 engl.Pfund,ca35Euro"
"22.12.2016 18:06","16.01.2017 17:55",,Praschl-Bichler,Gabrielle,"Affenhaube,Schellentracht und Wendeschuh, Kleidung im Mittelalter",Herbig,2011,
"11.03.2016 20:43","25.04.2016 20:53",,"Putnam","James ","Die Ägypter-Kultur und Mythen",Evergreen,2008,
"28.06.2009 17:02","15.11.2018 17:41",213,"Racinet","Albert","Weltgeschichte der Kostüme ISBN 3-88059-827-4 Mode",Parkland,1995,"50.--DM"
"28.06.2009 17:02","28.06.2009 17:02",317,"Racinet","Auguste","The Complete Costume History-Vollständige Kostümgeschichte",Taschen,2006,"großformatiges Werk,deutsch,englisch,französisch-49 Euro"
"29.12.2015 17:29","25.10.2016 10:29",,Radke,"Horst-Dieter","Das mittelalterliche Franken",Regionalia,2015,
"24.02.2010 16:54","24.02.2010 17:19",,"Rague von","Beatrix","Ein chinesischer Kaiserthron","Museen Preuß. Kulturbesitz",1982,"5 Euro"
"15.08.2019 08:38","15.08.2019 08:43",,"Raistinger",,"Raistinger Zinnfiguren - Nachtrag/Preise 2019",,,
"07.12.2018 21:00","07.12.2018 21:09",,Ramm,"Johann Christoph","Zinnfiguren aus Ratingen-Musterbuch Lüneburg um 1860 ISBN  3-89757-163-3",Hauschild,2002,"ZAn 2-mal"
"02.12.2009 12:20","02.12.2009 12:24",,Rasche,Adelheid,"Die Kultur der Kleider - z.hundertjährigen d.Lipperheideschen Kostümbibliothek",Unze,1999,"staatl Museen z. Berlin"
"28.06.2009 17:02","28.06.2009 17:02",256,"Rattelmüller","Paul Ernst","Altbayerischer Krippenbogen","Bayerland Dachau",,
"28.06.2009 17:02","28.06.2009 17:02",265,"Rattelmüller","Paul Ernst","Trachten aus Niederbayern",Passavia,1971,
"28.06.2009 17:02","28.06.2009 17:02",88,"Rattelmüller","Paul Ernst","Bayerische Trachten, Serie 2, 12 Postkarten 2x","Süddeutscher Verlag",,
"28.06.2009 17:02","10.12.2018 17:53",89,"Rattelmüller","Paul Ernst","Zinnfiguren, Die Welt in der Spanschachtel ISBN 3-7991-5679-8","Süddeutscher Verlag",1971,"32.-DM"
"28.06.2009 17:02","28.06.2009 17:02",214,"Rauchensteiner",Manfried,"Kinderwelt - Soldatenwelt; Militärisches Spielzeug aus vergangener Zeit",Eigenverlag,1995,"Katalog zur Ausstellung des Heeresgeschichtlichen Museums Wien 1995; 19,80 DM"
"10.09.2017 11:28","10.09.2017 13:57",,Rebhan,Helga,"Die Wunder der Schöpfung","Harrassowitz",2010,
"22.09.2017 19:07","22.09.2017 19:11",,Rebhan,Helga,"Die Wunder der Schöpfung ","Harrassowitz",2010,"Handschriften der Bay.Staatsbibliothek a.d.islamischen Kulturkreis"
"28.06.2009 17:02","28.06.2009 17:02",307,Redmond,Ian,"Elefanten","Gerstenberg",1993,"7,95Euro"
"20.06.2018 15:10","20.06.2018 15:13",,"Reiter/Hackländer",Eugene/Klaus,"Time of Love",Kosmos,2015,"Herrliche Tierbilder"
"14.11.2020 17:59","14.11.2020 18:11",,"Reith",Reinhold,"Das alte Handwerk-von Bader bis Zinngießer ISBN978-3-86820-573-2",Nikol,2020,
"22.01.2022 19:44","22.01.2022 19:46",,"Remington",Vanessa,"Ein Bild vom Paradies ISBN 978-3-8369-2128-2","Gerstenberg",2018,
"17.01.2017 13:25","12.09.2017 18:55",,Renda,Gerhard,"Hart und zart-Die Trachtenpuppen des Jungdeutschen Ordens","Kettler",2003,"Katalog d. Landschaftsverbands Westfalen-Lippe"
"27.12.2020 21:47","27.12.2020 21:51",,"Reuter/Thiel",Marcus/Andreas,"Der Limes-Auf den Spuren der Römer ISBN978-3-8062-3927-0 ","wbg Theiss",2019,
"26.11.2014 20:40","09.01.2015 18:14",,Rhein,Karin,"Geliebte Tyrannin-Mode in Bildern d. 19.Jhdts","bonitasprint",2014,"Kommentar zur gleichnamigen Ausstellung"
"23.10.2018 16:02","23.10.2018 16:03",,"Rhein ",Karin,"Geliebte Tyrannin-Mode in Bildern des 19.Jahrhunderts",,2014,
"28.06.2009 17:02","10.12.2018 18:27",244,"Ritter/Sauter","Michael/Martin","Die Welt in Zinn ISSN 0935-4433","Walch Augsburg",2002,"Schriftenreihe der Museen des Bezirks Schwaben, Oberschönenfeld"
"21.08.2019 17:38","21.08.2019 17:48",,Robison,"Paul Carter","20th Century Pewter-Art Nouveau to Modernism ISBN 978-1-85149-615-0","British Library?",2012,"Zinn des Jugenstils"
"28.06.2009 17:02","28.06.2009 17:02",329,Rodgers,Nigel,"Die Römische Armee","tosa/Ueberreuther",2008,"9,95"
"28.06.2009 17:02","28.06.2009 17:02",232,Roer,"Hans Henning","Alte deutsche Spielfiguren in Blei","Palagonia verlag","1993; 24,80Euro","gek: 06/02"
"28.06.2009 17:02","28.06.2009 17:02",90,Roer,"Hans H.","Bleisoldaten","Callwey Verlag München",1981,
"10.09.2017 13:57","10.09.2017 14:01",,Roller,Alfred,"Der Rosenkavalier","Steidl",2014,"Faksimile 1910 Skizzen für die Kostüme und Dekorationen"
"28.06.2009 17:02","28.06.2009 17:02",300,"Rößler Dr.",Max,"her walther vo der vogelweide","Echter",1963,
"23.12.2022 19:40","09.01.2023 20:32",,"Rott","Peter H.M.","Wondreber Totentanz -Katholische Friedhofskapelle St. Michael","Eigenverlag  ",2015,
"23.11.2009 17:31","23.11.2009 17:33",,Rücker,Gerhard,"Katalog","Berliner Zinnfiguren","1977 ","7,95"
"02.08.2016 18:29","02.08.2016 18:34",,Rudow,Alexander,"Antike Kriegsmaschinen",Regionalia,2016,
"16.02.2021 13:46","16.02.2021 13:52",,Rudow,Alexander,"Die römische Armee-Organisation,Ausrüstung,Eroberungen","Regionalia ISBN 978-3-95540-158-0","5.Aufl.2020",
"10.03.2019 21:07","10.03.2019 21:11",,Rupp/Birley,Vera/Heide,"Landleben im römischen Deutschland ISBN 978-3-8062-2573-0",Theis,2012,
"15.03.2017 20:21","15.03.2017 20:24",,"Rüster","Detlef ","Der ferne König-Friderizianische Miniaturen","Stapp",2008,
"17.06.2015 21:14","17.06.2015 21:19",,"Ryser u.a.",Frieder,"Glanzlichter - Die Kunst der Hinterglasmalerei","Benteli","2000 ?",
"28.06.2009 17:02","28.06.2009 17:02",298,"Rytz","Walter","Unsere Bäume",Hallwag,1962,
"28.06.2009 17:02","28.06.2009 17:02",129,"Santalo","Carlos Alvarez","Das Buch des 15. Jahrhundert","Grupo Anaya",1992,
"07.05.2018 19:38","07.05.2018 19:42",,Sardo,Alessandra,"Vintage Toys",Edel,2015,
"14.11.2017 15:47","14.11.2017 15:50",,"Sarti",Susanna,"Griechische und Römische Kunst",Scala,2011,
"28.06.2009 17:02","28.06.2009 17:02",5,"Saxtorph",Niels,"Kriegstrachten in Farben","Universitas Verlag",1971,
"21.11.2022 17:46","21.11.2022 17:48",,Schäfer,"Dietrich","Die deutsche Hanse ISBN 978-3-86820-682-1",nikol,2022,
"28.06.2009 17:02","28.06.2009 17:02",266,Schaffran,Emerich,"Ägyptische Malerei","Parkland Stuttgart",1978,
"22.01.2022 19:46","22.01.2022 19:51",,Schalansky,"Judith","Die verlorenen Welten des Zdenek Burian ISBN978-3-88221-081-1","matthes&seitz",2013,
"26.11.2014 20:38","26.11.2014 20:40",,"Schaub/Hartog",Franz/Jaap,"An den Ufern des Mains","Stürtz",1981,
"28.06.2009 17:02","28.06.2009 17:02",341,Schedel,Daniela,"Unterfränkische Kirchenburgen heute","Bezirk Ufr",2003,"Nutzung historischer Bausubstanz"
"09.12.2010 16:58","09.12.2010 17:01",,Schellenberg,"Ernst Ludwig","Arabische Nächte - Erzählungen a. Tausend u. eine Nacht","Rütten u. Loening","2005 ",
"29.12.2015 17:29","01.03.2016 17:37",,Schendel,Adelheid,"Paretzer Skizzenbuch-Bilder einer märkischen Residenz","Dt.Kunstverlag","2010 ",
"28.06.2009 17:02","10.12.2018 17:46",288,Schenzle,Heinz,"Sigel - BestimmungsbuchISBN3-925162-14-3","Baumann Kulmbach",1987,"14,50 Eur"
"28.06.2009 17:02","28.06.2009 17:02",91,Schick/Halem,"J.T./W.v.","Das Bilderlexikon der Uniformen","Südwest Verlag",1978,"antiq.1998 70.-DM"
"29.09.2010 11:33","10.12.2018 18:04",,"Schiller-Rathke",Ulla,"Scheibert/Schiller-Geschichte e. Altwiener Zinnfigurenoffizin",Wallig,2010,"25,00 ISBN 978-3-200-01921-8"
"25.03.2020 10:31","25.03.2020 19:05",,Schlager,"Gernot","Bilder aus dem Mittelalter-Dargestellt in Zinnfiguren ISBN 978-3-9504365-2-5",akazia,2019,"euro24,90 "
"22.12.2016 18:02","22.12.2016 18:06",,Schleicher,Wolfgang,"Wimmelbuch Feuerwehr","Schwager-Steinlein",,
"28.06.2009 17:02","28.06.2009 17:02",310,Schmauder,Michael,"Die Völkerwanderung",Tessloff,2003,"10 Euro"
"22.10.2021 18:36","22.10.2021 18:38",,"Schmid von","Christoph","Weihnachten ISBN 3 87437 222 7","A.H. Konrad","1987 1.Aufl.",
"28.06.2009 17:02","28.06.2009 17:02",284,"Schmid-Cadalbert","Christian","Das ritterliche Basel- zum 700.Todestag Konrads von Würzburg","Gissler Druck, Basel",1987,"Katalog zur Ausstellung"
"27.07.2011 08:10","27.07.2011 08:12",,"Schmidt",Inge,"Klosterarbeiten","H.Seubert",1998,"Geschenk Hanne"
"28.06.2009 17:02","10.12.2018 17:43",231,"Schmidtchen/Brock","Lutz/Walter","100 Jahre deutsche Sammlergeschichte(n) aus Leipziger SichtISBN ?",Eigenverlag,2001,"gek:2002; 14,52 EUR"
"28.06.2009 17:02","28.06.2009 17:02",322,Schneider,Rolf,"Alltag im Mittelalter-Das Leben in Deutschland vor 1000 Jahren",Bassermann,2006,"14,95"
"06.03.2018 17:51","06.03.2018 17:55",,Schneider,"Hans D.","Leben und Tod im Alten Ägypten","Griebsch und Rochol",1999,
"20.01.2018 21:17","20.01.2018 21:19",,Schneider,Wolfgang,"Zur Krippe her kommet","MAD Würzburg",2017,
"25.04.2016 19:06","25.04.2016 19:09",,Schneider,Rolf,"Ritter,Ketzer,Handelsleute","bebra Verlag",2012,"Brandenburg und Berlin im Mittelalter 
edition q"
"23.10.2015 17:08","23.10.2015 17:15",,Scholl,"Richard J. ","Matchbox-Official 50th Anniversary Commemorative Edition",universe,2002,"Text englisch"
"28.06.2009 17:02","28.06.2009 17:02",337,"Scholtz",Werner,"Berliner Zinnfiguren- Neuheiten/Ergänzungen",Eigenverlag,10/2008,
"28.06.2009 17:02","28.06.2009 17:02",93,"Scholtz",Werner,"Praxis des Sammeln, Bemalen und der Verwendungsmöglichkeiten kulturhistorischer Zinnfiguren, Teil I",,,
"28.06.2009 17:02","28.06.2009 17:02",338,"Scholtz",Werner,"Schöne Zinnfiguren - Katalog für den Handel",Eigenverlag,2005,
"28.06.2009 17:02","28.06.2009 17:02",335,"Scholtz",Werner,Figuren-Verzeichnis,Eigenverlag,1987,
"28.06.2009 17:02","28.06.2009 17:02",336,"Scholtz",Werner,"Berliner Zinnfiguren Katalog",Eigenverlag,1995,
"28.06.2009 17:02","28.06.2009 17:02",118,"Scholtz",Werner,"Berliner Zinnfiguren - Katalog",Eigenverlag,1995,
"28.06.2009 17:02","28.06.2009 17:02",92,"Scholtz",Werner,"Berliner Zinnfiguren, Jubiläumskatalog",Berlin,1984,
"28.06.2009 17:02","28.06.2009 17:02",258,"Scholtz","Hans-Günther","Bemalungsanleitung für Zinnfiguren",Eigenverlag,2005,"1995 Eur."
"25.11.2010 17:28","25.11.2010 17:31",,"Scholtz ","Hans-Günther","Flachfiguren Ergänzungskatalog 2010","Eigenverlag ","2010 ","16,95"
"05.10.2009 18:13","05.10.2009 18:17",,"Scholtz ",,"Flachfiguren Ergänzungskatalog bunt",Eigenverlag,2009,"12,95 Euro"
"14.06.2016 18:30","15.06.2016 11:10",,Scholz,Julia,"Kuckucksuhr, mon amour-Faszination Kuckucksuhr",Theis,2013,
"12.03.2022 19:21","12.03.2022 19:25",,Schönauer/Reiß,Tobias/Ansgar,"Plattenrock, Buckler und Conquistador",VDS,2021,"Katalog des Bayerischen Armeemuseums Band 20"
"28.06.2009 17:02","28.06.2009 17:02",289,Schraudolph,Erhard,"Ludwig Frank - Ein Leben für die Zinnfigur","Selbstverl- Zinnfigurenmuseum",2007,"8,00 Eur."
"28.06.2009 17:02","10.12.2018 18:16",333,"Schraudolph (Herausgeber)",Erhard,"Dem König gehört alles - Zinnfiguren aus dem Königreich Hannover",Krannich,2008,"24,50 Eur. ISBN 3-933124-32-4 Z"
"28.08.2012 19:39","10.12.2018 18:17",,"Schraudolph (Herausgeber)",Erhard,"Ganz schwarz sind wir montiert - Zinnfig. a. d. Herzogtum Braunschweig","Krannich ",2012,"27,00 Euro ISBN3-933124-41-7"
"28.06.2009 17:02","28.06.2009 17:02",94,"Schuberth","Ottmar","Zinnfiguren, Freundeskreis Freilichtmuseum Südbayern e.V. Schriftenreihe Heft 3 Sonderausstellung 19",,,
"28.06.2009 17:02","28.06.2009 17:02",339,Schürmann,Ulrich,"Orientteppiche",Vollmer/Wiesbaden,,
"28.06.2009 17:02","28.06.2009 17:02",267,Schwarze,Wolfgang,"Die Uniformen der Preußischen Garden …",Schwarze,1975,
"22.10.2021 18:35","09.11.2021 16:50",,Schweizer,Wilhelm,"Winterzauber - winter 2021","Eigenverlag-Katalog",2021,"mit Preisliste"
"28.06.2009 17:02","28.06.2009 17:02",128,Schweizer,Wilhelm,"Katalog, Preisliste 1996, Katalog 1997,Preisliste",Eigenverlag,,"farbige Abbildungen"
"24.09.2014 17:59","24.09.2014 18:01",,"Scott","Margaret","Kleidung & Mode im Mittelalter",Theis,,"16,95"
"07.09.2015 18:19","07.09.2015 18:23",,Seba,"Albertus","Cabinet of Natural Curiosities","Taschen ",2015,
"25.10.2016 10:29","09.12.2016 16:33",,Seim,Andreas/Angela,"Krippenwelten-a.d.Slg Maud Pohlmeyer Bad.Landesmuseum",,2012,
"18.02.2020 18:39","18.02.2020 18:45",,Seim,Andreas,"Krippenwelten aus der Sammlung Maud Pohlmeyer ISBN 978-3-937345-58-1 ZKr","Bad.Landesmuseum",2012,
"29.06.2020 15:27","29.06.2020 15:32",,Sewell,"Matt","Eulen-Zauberhafte Wesen der Nacht ISBN978-3-95416161-4","Frederking u. Thaler Zti",2015,
"10.10.2012 17:46","10.10.2012 17:48",,"Seyfert",Bernhard,"Bildersaal der Geschichte Europas-bis 1900","Reprint Verlag",,
"28.06.2009 17:02","28.06.2009 17:02",197,Sheehan,Angela,"Tiere und Pflanzen der Urzeit","Buch u.Zeit Verlagsgesellschaft",1976,
"15.03.2017 19:11","15.03.2017 19:14",,Simon,Erika,"Pferde in Mythos und Kunst der Antike","F.P.Rutzen","2006 ?","Simon, Professorin in Würzburg"
"28.06.2009 17:02","28.06.2009 17:02",319,Simon/Fedorov,Vera/Michael,"Das kleine Buch der Elfen und Feen","Pattloch",2004,
"05.10.2009 18:28","05.10.2009 18:30",,Sims,Lesley,"Reiseführer in die antike Welt","Bassermann ","2007 ","3,99 Euro"
"14.09.2009 14:06","14.09.2009 14:08",,"Slater","Stephen","Wappen, Schilder, Helme","tosa/Ueberreuther ",2004,
"02.08.2016 18:34","02.08.2016 18:37",,Sonnabend,Holger,"Atlas der Antike",Palm,2016,
"18.03.2020 18:12","18.03.2020 18:21",,Sonnabend,Holger,"Illustrierte Geschichte der Antike ISBN 978-3-476-04337-5","J.B.Metzler",2017,
"28.06.2009 17:02","28.06.2009 17:02",7,"Spirhansl - Duris",Solovjev,"Taschenatlas der Vögel","Dausien Verlag",1986,
"10.09.2017 14:12","10.09.2017 14:14",,Spreckelsen,Tilman,"Gralswunder und Drachentraum",Eichborn,2007,
"02.12.2009 12:17","02.12.2009 12:20",,"Ständecke",Monika,"Dirndl, Truhen, Edelweiss - D. Volkskunst der Brüder Wallach",Minerva,"2007 ","Jüd. Museum München"
"28.06.2009 17:02","28.06.2009 17:02",312,"Stanton/Jacobs","Carol  Ann/Jackie","Zauberhafte alte Puppen",bassermann,1997,
"21.06.2016 17:57","21.06.2016 18:01",,"Steele",Philip,"Fling,Sling and Batter your way to victory","Quatro children books",2014,"kurzes Buch mit Baukasten für Katapult"
"28.06.2009 17:02","28.06.2009 17:02",257,"Stille",Eva,"Puppenküchen 1800 - 1980","Hans Carl Nürnberg",1985,
"18.02.2020 19:36","18.02.2020 19:41",,"Stuttard/Moorhead",David/Sam,"31 v. CHR Antonius, Kleopatra und der Fall ÄgyptensISBN978-3-8062-2705-5",Theis,2012,
"28.06.2009 17:02","28.06.2009 17:02",268,Sulzer,Alfred,"150 Jahre Feinste Zinn-Compositions Figuren Ernst Heinrichsen Nürnberg","Sulzer Zürich",1989,
"28.06.2009 17:02","10.12.2018 18:20",227,Taylor,Mike,"Zinnfiguren entwerfen und meisterhaft bemalen ISBN 3-933124-09-3","edition Krannich",2001,"68.-DM"
"28.06.2009 17:02","28.06.2009 17:02",237,"Tharlet",Eve,"Die Heinzelmännchen von Köln",Neugebauer,2002,"7.Aufl."
"02.12.2009 12:27","26.08.2013 15:41",,Thorbecke,,Liebespaare,Schwabenverlag,2004,"2,95 Euro, 2 Exemplare"
"10.10.2012 17:40","10.10.2012 17:42",,"Tredt/Zschaler",Rainer/Frank,"ZinnZeit-Spuren eines Handwerks in Alltag und Kunst","Schnell u. Steiner",2004,
"28.06.2009 17:02","28.06.2009 17:02",212,Tucker,"Luise (Hrsg.)","Uniformen und Rüstungen, Ein Bildlexikon","Motorbuch Verlag",1996,
"14.09.2009 14:08","14.09.2009 14:11",,Tucker,"Luise (Hrsg.) ","Uniformen und Rüstungen, Ein Bildlexikon ","Premio-Münster","2006 ?",
"28.06.2009 17:02","28.06.2009 17:02",323,Turnbull,"Stephen","Mongolen-Krieger 1200-1350","Brandenburgisches Verlagshaus",2008,"9,95"
"06.06.2015 12:15","22.11.2018 18:28",,Ulmer,"Christoph","Andrea Palladio ISBN978-88-7057-215-5 Z-Gebäude",Magnus,2011,"19,95"
"07.12.2018 20:35","07.12.2018 20:48",,Umhey,Alfred,"Szenen aus der neuen Welt - Int.Modellfiguren-Ausstellung ISBN ","Dewitz",2011,ZAm
"07.12.2018 20:40","07.12.2018 20:47",,Umhey,Alfed,"Modellfigurenausstellung-Napoleon von Luneville bis Waterloo",Karl-Wörn-Haus,2015,ZNa
"28.06.2009 17:02","22.11.2018 18:03",308,"Väterlein","Christian","Biberacher Blechspielzeug - Musterbücher der Fa Rock und Graner a. d. Zeit um 1875","Betulius-Stuttgart",1997,"großformatig 9,95Euro, überwiegend farbige Abbildungen ISBN 3-89511-013-2"
"28.06.2009 17:02","10.12.2018 17:31",229,Verlinden,Francois,"Dioramen - Bau mit Francois VerlindenISBN3-87094-439-0","Alba Buchverlag",1983,"gek.2002; 9,80EUR"
"28.06.2009 17:02","28.06.2009 17:02",95,Vesey,Norman,"Waffen und Rüstungen","Parkland Verlag Stuttgart",,"2.Exemplar Mundus verlag 1988"
"21.08.2019 10:46","21.08.2019 10:50",,"Vetter-Liebenow",Gisela,"Napoleon-Genie und Despot ISBN3-921752-48-5 ZMi","w.Busch Museum",2oo6,
"22.09.2017 19:18","12.12.2018 18:03",,"Voetz","Lothar","Der Codex Manesse ISBN978-3-650-40188-5 ZMo","Lambert Schneider",2017,
"28.06.2009 17:02","28.06.2009 17:02",96,Voss,Hella,"Die Große Jagd","Feder Verlag",,
"09.01.2023 20:32","14.01.2023 17:13",,Wagener,Olaf,"Forts in den Kolonien ISBN 978-3-96176- 071-8",Nünnerich-Asmus,2019,
"15.03.2017 19:17","15.03.2017 19:19",,Wagener,Olaf,"Handbuch Burgbelagerungen",Regionalia,2016,
"21.02.2012 09:47","21.02.2012 09:49",,"Wager ",Wulf,"Schwäbisch-alemannische Fasnet in alten Bildern",Silberburg,2003,
"28.06.2009 17:02","28.06.2009 17:02",97,Wagner,"Botho G.","Blechspielzeug - Vom Kindheitstraum zum begehrten Sammelobjekt",Heyne,1994,"29,90DM"
"28.06.2009 17:02","28.06.2009 17:02",98,Wagner,"Gretel","Völkergallerie Europas","Bibl. Tb. Nr.162",1980,
"28.06.2009 17:02","28.06.2009 17:02",8,Wagner,"Gretel","Völkergalerie Europas","Bibl. TB 162",1980,
"06.09.2012 19:55","26.08.2013 16:40",,Warnecke,"Dieter","Blechspielzeug-Nutzfahrzeuge und Traktoren","Battenberg ",2008,"Katalog m. Preisen 9,99 Eur.(2Exemplare)"
"07.09.2015 18:13","13.09.2020 20:48",,Weeber,Karl,"Wasser, Wein und Öl-Die Lebenssäfte der römischen Welt",WBG,2013,"ISBN 978-3-534-24268-9"
"20.05.2020 16:17","20.05.2020 16:22",,Weihmann,"Götz","Eine mittelalterliche BurgISBN 3-480-13113-1","J.F.Schreiber",1977,
"31.03.2022 19:10","31.03.2022 19:13",,Weissbach,"Wolf-Dietrich","TrachtenZeit-Publikation zur Heimatpflege im Bezirk Unterfranken",Kendel&Weissbach,2020,
"17.10.2017 20:31","17.10.2017 20:33",,Welzbacher,"Christian","Terra Brasilis - Die Entdckung einer neuen Welt","parthas",2013,
"28.06.2009 17:02","28.06.2009 17:02",254,"Wernitz",Frank,"Die Armee Friedrich des Großen im siebenjährigen Krieg",Podzun-Pallas,2002,
"19.02.2021 19:26","19.02.2021 19:32",,"Wilcox/Embleton...","Peter/Gerry","Die Feinde Roms-Germanenund Daker-Gallische und britische Kelten ISBN 978-3-93990-859-3","Brandenburgisches Verlagshaus",2008/2011,
"28.06.2009 17:02","28.06.2009 17:02",99,Wilder,"F .L.","Sport für Gentlemen - Alte Druckgraphik aus England","Bibl. Tb. Nr. 211",1980,
"03.12.2018 18:52","11.03.2019 19:49",,Wildung,"Dietrich","Die vielen Gesichter der NofreteteISBN978-3-7757-3484","Hatje Cantz",2013,
"14.01.2019 16:52","14.01.2019 16:56",,Wilkinson,Toby,"Aufstieg und Fall des Alten Ägypten ISBN978-3-570-55275-9","Pantheon",2015,
"28.06.2009 17:02","28.06.2009 17:02",343,"Wiltshire","Katharine","Zeittafel der Antike",Tessloff,2005,
"28.06.2009 17:02","28.06.2009 17:02",100,Windisch,Wolfgang,"Einführung in das Bemalen von Zinnfiguren",Eigenverlag,1984,"20,00DM"
"28.06.2009 17:02","28.06.2009 17:02",101,Woldau,Erich,"Ansichten der Ferdinands-Nordbahn","Bibl. Tb. Nr. 223",,
"21.08.2019 10:44","21.08.2019 10:46",,Wunderlich,Uli,"Der Tanz in den Tod-Totentänze vom Mittelalter bis zur Gegenwart ISBN 3-89102-461-4 ZMi","Eulen Verlag",2001,
"28.06.2009 17:02","28.06.2009 17:02",276,"Zeitschriften",,"Das Münster - Krippen 4/2007","Schnell und Steiner",2007,
"23.03.2019 19:52","23.03.2019 19:57",,"Zeitschriften",,"Vernissage - Stiftung Schlösschen im Hofgarten Wertheim","Vernissage Verlag",1/06,
"28.06.2009 17:02","28.06.2009 17:02",102,"Zeitschriften",,"Zeitschrift für Heereskunde, Nr. 270, 3./4. 1977",,,
"28.06.2009 17:02","28.06.2009 17:02",236,"Zeitschriften",,"Figuren International - 7/2003","Scholtz",2003,
"28.06.2009 17:02","28.06.2009 17:02",320,"Zeitschriften",,"Kit Figuren-Modell Journal 5/2008",NMC-Nürnberger,2008,"7 Euro"
"28.06.2009 17:02","28.06.2009 17:02",309,"Zeitschriften",,"Die Zinnfigur Heft 8","Klio Deutschland",2007,
"15.11.2011 17:39","11.11.2018 16:11",,Zeller,Joachim,"Koloniale Bilderwelten- ISBN 978-3-86153-499-0 Z-Afrika","Weltbild","2010 ",
"14.06.2018 16:34","14.06.2018 16:37",,Zeller,JOACHIM,"Bilderschule der Herrenmenschen-Koloniale Reklamesammelbilder","Ch Links",2008/2011,
"22.11.2018 09:05","22.11.2018 09:11",,Zheng,Zhonghua,"Oriental Birds- Chinese Brush Paintings ZTi - ISBN978-1-908175-43-4","Cypi Press",2015,
"03.12.2018 18:44","03.12.2018 18:48",,Zhonghua,Zheng,"Oriental Birds - Chinese Brush Pantings ISBN 978-1-908175-43-4 ZVo","Cypi Press",2015,
"28.06.2009 17:02","28.06.2009 17:02",107,"Zigarettenbildalbum",,"Die Reichswehr, Waldorf-Astoria, Haus Neuerburg, Eckstein-Halpaus",,1933,
"28.06.2009 17:02","28.06.2009 17:02",105,"Zigarettenbildalbum",,Orden,"Waldorf-Astoria",,
"28.06.2009 17:02","28.06.2009 17:02",108,"Zigarettenbildalbum",,"Ruhmesblätter Deutscher Geschichte","Waldorf-Astoria",,
"28.06.2009 17:02","28.06.2009 17:02",104,"Zigarettenbildalbum",,"Das Reichsheer und seine Tradition, Haus Neuerburg,Waldorf-Astoria, Eckstein-Halpaus",,,
"28.06.2009 17:02","28.06.2009 17:02",106,"Zigarettenbildalbum",,"Uniformen der alten Armee","Waldorf-Astoria",,"2.Exemplar beschädigt, teilweise Bilder"
"28.06.2009 17:02","28.06.2009 17:02",103,"Zigarettenbildalbum",,"Gestalten der Weltgeschichte",,,
"28.06.2009 17:02","28.06.2009 17:02",109,"Zigarettenbildalbum",,"Uniformen der Marine und Schutztruppen","Waldorf-Astoria",,
"28.06.2009 17:02","28.06.2009 17:02",111,"Zigarettenbildalbum",,"Die Nachkriegszeit 1918 - 1934, Eckstein-Halpaus,Waldorf-Astoria, Haus Neuerburg",,,
"28.06.2009 17:02","28.06.2009 17:02",110,"Zigarettenbildalbum",,"Der Bunte Rock","Haus Neuerburg",,"nur teilweise erhalten"
"12.12.2017 10:00","22.12.2017 13:14",,"Zigarettenbilder",,"Uniformen der alten Armee-Heer,Marine,Schutztruppen","Motorbuch Verlag Verlag","2009  ","Reprint Waldorf-Astoria-Album"
"10.07.2014 19:50","10.07.2014 19:53",,"Zigarettenbilder",,"Dt.Uniformen-Zeitalter Friedrich d. Großen",Melchior,2014,"Reprint, 19,95"
"28.06.2009 17:02","15.11.2018 17:39",6,Zimmermann,"Hans - Jürgen","Das Zinnfiguren Handbuch ISBN3-440-05154-4 ","Francksche Verlagshandlung","1983  Stuttgart",
"29.06.2021 18:08","29.06.2021 18:23",,"Zink ","Günther","Oldtimer Katalog Jubiläumsausgabe 1986-2016","Heel  ISBN 978-3-95843-309-0",2016,
"20.06.2018 15:21","28.08.2018 19:12",,"Zinnfigurenfreunde Leipzig","e.V.","Das Heerwesen des 30-Jährigen Krieges dargestellt in Zinnfiguren 1618-1648","Hensel - Leipzig",2018,"22 Euro"
"23.11.2017 10:22","23.11.2017 10:25",,Zischler,Hanns,"Die Erkundung Brasiliens-Friedrich Sellows unvollendete Reise",Galiani,2013,